Date,Title ,URL,Body,Location,Likes,Comment,Username
7/14/2023,Day 3 | Matsama MAN 2 Bantul 2023 - TikTok,https://www.tiktok.com/@man2bantul/video/7255490704497970438,"99 Likes, TikTok video from MAN 2 Bantul (@man2bantul): ""Day 3 | Matsama MAN 2 Bantul 2023",Bantul,99,5,@man2bantul
7/13/2023,KUE KUEEE!! MASA TA'ARUF SISWA MADRASAH ... - TikTok,https://www.tiktok.com/@osismatsaduta/video/7255241500773125382,"1.7K Likes, 72 Comments. TikTok video from OSIS MTsN 2 TRENGGALEK (@osismatsaduta): ""KUE KUEEE!! MASA TA'ARUF SISWA MADRASAH",Trenggalek,1793,73,@osismatsaduta
7/10/2023,Keberkatan dalam ilmu sangat penting #madrasah #tahfiz #fyp,https://www.tiktok.com/@khalid_badrul/video/7254075803900660994,"297 Likes, 29 Comments. TikTok video from K H A L I D B.K (@khalid_badrul): ""Keberkatan dalam ilmu sangat penting #madrasah #tahfiz…",Senawang,297,29,@khalid_badrul
1/15/2023,Ibu Adalah Madrasah Pertama bagi seorang Anak ... - TikTok,https://www.tiktok.com/@nuraisyah_2698/video/7188820991429152027,"49 Likes, TikTok video from SyahShop_ Balikpapan (@nuraisyah_2698): ""Ibu Adalah Madrasah Pertama bagi seorang Anak ?? . . #fyp? #ibu",Balikpapan,49,2,@nuraisyah_2698
7/19/2023,Madrasah Al Muhsinin (@madrasahalmuhsinin)'s ... - TikTok,https://www.tiktok.com/@madrasahalmuhsinin/video/7257357878586068226,"23 Likes, TikTok video from Madrasah Al Muhsinin (@madrasahalmuhsinin). Semangat Baru - Merpati.",Jakarta,27,2,@madrasahalmuhsinin
6/4/2023,istri/ibu madrasah pertama untuk anaknya #ceramah ... - TikTok,https://www.tiktok.com/@hanifa.rslh/video/7240814782599761157,"27.9K Likes, 115 Comments. TikTok video from hanyfaa (@hanifa.rslh): ""istri/ibu madrasah pertama untuk anaknya #ceramah #ceramahpendek"".",Jakarta,29300,124,@hanifa.rslh
6/15/2023,"Terlalu sayang "" Siti Aliyah"" - #sitialiyah - #fyp??viral - TikTok",https://www.tiktok.com/@dio_fahrudin/video/7244856376923524358,"15.1K Likes, 119 Comments. TikTok video from Dio_FahrudinOfficial (@dio_fahrudin): ""Terlalu sayang "" Siti Aliyah""#sitialiyah #fyp??viral ...",Indramayu,15300,119,@dio_fahrudin
6/20/2023,Prosesi wisuda kelas 3 Madrasah Diniyyah Ulya Ponpes An ...,https://www.tiktok.com/@imehtronik/video/7249640295707495686,"317 Likes, TikTok video from SHOUTUNA FM (@shoutunafm): ""Prosesi wisuda kelas 3 Madrasah Diniyyah Ulya Ponpes An Nawawi Berjan",Purworjo,337,1,@shoutunafm
6/15/2023,Siapa sih yang gak gak tahu PonPes Amanatul Ummah ...,https://www.tiktok.com/@mojokertojalanjalan/video/7244766213946199301,"Siapa sih yang gak gak tahu PonPes Amanatul Ummah, semua pasti tahu, nah kali ini kita Room Tour di MAI (Madrasah Aliyah Istimewa) nya ya Gaes",Mojokerto,14600,207,@mojokertojalanjalan
6/19/2023,Video informasi tentang proses Tes Keagamaan PPDB MTsN ...,https://www.tiktok.com/@mtsn1pontianak/video/7246197622262861061,... #ppdb2023 #pesertadidikbaru #ppdb #mts #ppdbmadrasah #ppdbpontianak #madrasah #madrasahmandiriberprestasi,Pontianak,12800,139,@mtsn1pontianak
5/13/2023,@Kharisa berbeda ituech keren yach #madrasah ... - TikTok,https://www.tiktok.com/@lujenazzahr/video/7239157772879678725,"8.3K Likes, 118 Comments. TikTok video from jena ??° (@lujenazzahr): ""@Kharisa berbeda ituech keren yach #madrasah",Surabaya,8380,118,@lujenazzahr
4/3/2023,Tes Calistung Dihapus dalam seleksi Masuk SD Nadiem,https://www.tiktok.com/@nusabali.com/video/7217759641416125722,riset dan teknologi atau mendikbud ristek. nadiem Anwar makarim. meminta sekolah dasar atau madrasah ibtidaiyah. menghilangkan Tes baca. tulis da,Jakarta,15,0,@nusabali.com
3/17/2023,"Mencoba jajanan sekolah lagi nih gaes, kali ini di depan ...",https://www.tiktok.com/@infopalu/video/7211379468546346267,"2.5K Likes, 65 Comments. TikTok video from Info Palu (@infopalu): ""Mencoba jajanan sekolah lagi nih gaes, kali ini di depan Madrasah Aliyah Negeri",Palu,2521,66,@infopalu
3/9/2023,"Pesulap MAN 1 Magetan, sukses selalu ?? - #xiiips2 - TikTok",https://www.tiktok.com/@man1magetanofficial/video/7208572941607390491,"... ""Pesulap MAN 1 Magetan, sukses selalu ?? #xiiips2 #sulap #man1magetan #gelarkarya #CapCut #fyp? #magetanbanget #madrasah",Magetan,71,0,@man1magetanofficial
1/29/2023,Aksi heroik salah satu guru MTsN 1 Sintang ketika ... - TikTok,https://www.tiktok.com/@mtsn1sintang/video/7194260865267354907,"#bendera #flag #indonesia #indonesia #paskibra #guruhebat #madrasah #madrasahhebatbermartabat #fyp?"". Berkibarlah Bendera Negeriku -",Sintang,321500,1240,@mtsn1sintang
1/14/2023,Al Quran Al Madrasah Terjemah ingsa Alloh barokah ... - TikTok,https://www.tiktok.com/@farpumdevpandi01/video/7188481467947765018?_t=8ZaHsscyGSw&_r=1,"2.3K Likes, TikTok video from devpandi01 (@farpumdevpandi01): ""Al Quran Al Madrasah Terjemah ingsa Alloh barokah duniaa akhirat #fyp?"". suara asli",Jakarta,2298,10,@farpumdevpandi01
12/26/2022,koperasi santri - suara asli - Madrasah Digital - TikTok,https://www.tiktok.com/music/suara-asli-Madrasah-Digital-7181700891693697819,Lagu suara asli - Madrasah Digital ciptaan koperasi santri. Tonton video terbaru tentang suara asli - Madrasah Digital di TikTok.,Kediri,8360,31,@madrasah_digital
12/11/2022,Terheboh #madrasah #sekolah #mts #mtsyppacipulus ...,https://www.tiktok.com/@mtsyppacipulus/video/7176117667248524571,"588 Likes, TikTok video from MTs YPPA CIPULUS (@mtsyppacipulus): ""Terheboh #madrasah #sekolah #mts #mtsyppacipulus #madrasahhebat",Purwakarta,587,12,@mtsyppacipulus
11/25/2022,#CapCut aku anak madrasah | TikTok,https://www.tiktok.com/@user1541620225955/video/7218811488117509403,"12.4K Likes, 3.6K Comments. TikTok video from Ara lucu Lulu ?? (@user1541620225955): ""#CapCut aku anak madrasah"". suara asli - Ara",,12400,3548,@user1541620225955
10/8/2022,Yuk sore ini kita belajar vocabulary bareng dengan ... - TikTok,https://www.tiktok.com/@pesantrenmrbob/video/7152068128460131611,.. #pendaftaransantribaru #santribaru #english #hafidz #hafidzquran #sekolahfavorit #santri #madiun #madiunhits #kebonsari #medhioenae,Madiun,9,0,@pesantrenmrbob
9/5/2022,#mtsn1 #bandarlampung #madrasah #mtsn | TikTok,https://www.tiktok.com/@winarnog70/video/7096763419088538906,"73 Likes, TikTok video from Winarno Abdullah (@winarnog70): ""#mtsn1 #bandarlampung #madrasah #mtsn"". Sholawat - My Arimbi.",Lampung,73,0,@winarnog70
9/6/2022,outfit #seragamsekolah #mtsn1sintang #madrasah ... - TikTok,https://www.tiktok.com/@mtsn1sintang/video/7140201102913359130,"653 Likes, 20 Comments. TikTok video from MTsN 1 Sintang (@mtsn1sintang): ""#outfit #seragamsekolah #mtsn1sintang #madrasah",Sintang,653,20,@mtsn1sintang
9/8/2022,"uniform check, Madrasah Ibtidaiyah YAPINK 01 #santri ...",https://www.tiktok.com/@santriyapink/video/7140807428953689370,"804 Likes, 70 Comments. TikTok video from Santri Yapink (@santriyapink): ""uniform check, Madrasah Ibtidaiyah YAPINK 01 #santri #miyapink01",Tambun,804,70,@santriyapink
9/24/2022,backdrop #haflah #wisuda #lembagapendidikan #madrasah,https://www.tiktok.com/@galeriindografis/video/7097820028359298330,"TikTok video from Galeri Indografis (@galeriindografis): ""#backdrop #haflah #wisuda #lembagapendidikan #madrasah"". original sound - HELMI WICAKS",Jakarta,5,0,@galeriindografis
8/2/2022,MADRASAH IBTIDAIYAH BERSHOLAWAT HABIB BALIA AL ...,https://www.tiktok.com/@nurhamim96/video/7109420621859228955,"72 Likes, 21 Comments. TikTok video from Nur Hamim201 (@nurhamim96): ""MADRASAH IBTIDAIYAH BERSHOLAWAT HABIB BALIA AL-KAFF feat",Bekasi,72,21,@nurhamim96
8/6/2022,Proses Akreditasi Madrasah Tsanawiyah Arifah - TikTok,https://www.tiktok.com/@muhrifqi9/video/6988505888579390746,"TikTok video from Muh Rifqi9455 (@muhrifqi9): ""Proses Akreditasi Madrasah Tsanawiyah Arifah"". Proses Akreditasi Madrasah Tsanawiyah ArifahWay",Makassar,4,0,@muhrifqi9
8/8/2022,yel2 sangga Kartini..#pramuka #14agustus#madrasah#ma,https://www.tiktok.com/@abdoel1312/video/7129532504284990747,"2.9K Likes, TikTok video from abDoel (@abdoel1312): ""yel2 sangga Kartini..#pramuka #14agustus#madrasah#ma"". yel2 kartinisangga Kartini |",,2912,13,@abdoel1312
7/17/2022,"MAN 1 Kolaka, Madrasah Mandiri Berprestasi - TikTok",https://www.tiktok.com/@supardi_93/video/7121503104100584730,"1.9K Views, 86 Likes, TikTok video from Supardi (@supardi_93): ""MAN 1 Kolaka, Madrasah Mandiri Berprestasi #man1kolaka #kolaka #jgnpelitfyp",Kolaka,82,2,@supardi_93
7/3/2022,hiburan anak madrasah dari ciandam sudajaya Sukabumi,https://www.tiktok.com/@lathief12/video/7116103881477672218,"337 Likes, TikTok video from lathief12 (@lathief12): ""hiburan anak madrasah dari ciandam sudajaya Sukabumi ###"". CIANDAM SUKABUMI .",Sukabumi,337,0,@lathief12
6/9/2022,#madrasah #mts1jeneponto | TikTok,https://www.tiktok.com/@sfraa_15/video/7107423871590010139,"TikTok video from Safiraa (@sfraa_15): ""#madrasah #mts1jeneponto"". suara asli - Safiraa.",Sulawesi Selatan,14,0,@sfraa_15
5/11/2022,Suasana Ujian Madrasah Hari Ke 3 MTs Arifah Gowa ... - TikTok,https://www.tiktok.com/@pakgurumadrasah/video/7096265552104066330,"78 Likes, TikTok video from HaMBaLi(A) (@pakgurumadrasah): ""Suasana Ujian Madrasah Hari Ke 3 MTs Arifah Gowa #Ruangan1 #fyp"".",Makassar,84,7,@mr.h.mpd
4/7/2022,Cara nulis CV untuk lulusan Madrasah Aliyah (MA ... - TikTok,https://www.tiktok.com/@aprirokh_/video/7083819553234455834,"24.9K Likes, 115 Comments. TikTok video from APRI ROKH (@aprirokh_): ""Cara nulis CV untuk lulusan Madrasah Aliyah (MA) nih guys.. semoga",,24900,115,@aprirokh_
4/4/2022,Kunjungan UAI Ke madrasah - #ustazmadkecik - TikTok,https://www.tiktok.com/@madrasah_ustaz_mad_kecik/video/7082922582743321882,"34.3K Likes, 167 Comments. TikTok video from Madrasah Ustaz Mad Kecik (@madrasah_ustaz_mad_kecik): ""Kunjungan UAI Ke madrasah",Malaysia,34300,167,@madrasah_ustaz_mad_kecik
3/15/2022,Reply to @beritaalhijrah114 Pelajar 14 tahun ditahan ... - TikTok,https://www.tiktok.com/@beritaalhijrah114/video/7075367861585186075,"... Pelajar 14 tahun ditahan reman disyaki terlibat kes bakar asrama madrasah ... #bakar #asrama #madrasah"". original sound - Berita Alhijrah -",Malaysia,6500,157,@beritaalhijrah114
2/14/2022,Seragam MA Ma'arif Udanawu Blitar check! #seragamsekolah ...,https://www.tiktok.com/@maalmablitar/video/7064782025844116763,Tebak senam apa? #senam #olahraga #anaksekolah #ppdb #ppdb2022 #madrasah #madrasahaliyah #madrasahketerampilan #fyp. 10.7K views.,Blitar,1438,40,@maalmablitar
6/19/2023,Madrasah Misbah Al-Falah (@pondok_lanai)'s videos ... - TikTok,,"610 Likes, TikTok video from Madrasah Misbah Al-Falah (@pondok_lanai). Ya Rabb ???? - Muhajir Lamkaruna.",Depok,839,11,@pondok_lanai
5/21/2022,Rutinitas Masuk Madrasah Aliyah Negeri 2 Banyuwangi ...,https://www.tiktok.com/@man2banyuwangi/video/7099968118746778907,"180 Likes, TikTok video from MAN 2 BANYUWANGI (@man2banyuwangi): ""Rutinitas Masuk Madrasah Aliyah Negeri 2 Banyuwangi #banyuwangi #fy",Banyuwangi,180,4,@man2banyuwangi
11/12/2022,Mars Madrasah Ibtidaiyah - TikTok,https://www.tiktok.com/@miscikatomas_/video/7112058869345520923,Mars Madrasah Ibtidaiyah - Pasuaramic #marsmadrasahibtidaiyah #ciamis,Ciamis,272,14,@miscikatomas_
12/16/2021,rusa madrasah #darulzahraa #islamic #dakwahtiktok #ustaz ...,https://www.tiktok.com/@madrasah_ustaz_mad_kecik/video/7041346245121576218,,,46800,138,@madrasah_ustaz_mad_kecik
10/26/2022,Tzu Chi Indonesia (@tzuchiindonesia) - TikTok,https://www.tiktok.com/@tzuchiindonesia,#bedahrumah #masjid #madrasah #jakartautara created by Tzu Chi Indonesia with Tzu Chi. Tzu Chi Indonesia#bedahrumah #masjid #madrasah,Jakarta,3894,103,@tzuchiindonesia
7/4/2021,Kenapa Aceh Boleh Pake Peradilan Syariat Is... - TikTok,https://www.tiktok.com/@gabriellagata_/video/6980574899416976642,"24.1K Likes, 444 Comments. TikTok video from Gabriella Agata (@gabriellagata_): ""Reply to @mineerva2 #MaTa: Kenapa Aceh Boleh Pake",Aceh,24100,444,@gabriellagata_
7/9/2021,Wisata Dlundung Friendly banget #mojokertojalanjalan - TikTok,https://www.tiktok.com/@mojokertojalanjalan/video/6982738530720156929,"Siapa sih yang gak gak tahu PonPes Amanatul Ummah, semua pasti tahu, nah kali ini kita Room Tour di MAI (Madrasah Aliyah Istimewa) nya ya",Mojokerto,6077,129,@mojokertojalanjalan
6/21/2021,Rutinan pembacaan maulid dziba' Santri Pondok ... - TikTok,https://www.tiktok.com/@yajripayaman/video/6955075262488825090,"Bismillahirrahmanirohim. Allhdulillahirobbil 'alamin. Saya Fatchur Rozak. User champion Emis madrasah diMTs Yajri , kabupaten Magelang propinsi Jawa",Magelang,117,6,@yajripayaman
5/11/2021,TauGaSih Jepang Siap Bangun Lift Luar Angkasa Sc - TikTok,https://www.tiktok.com/@gabriellagata_/video/6950134779178241281,"Untuk sobat Gen Z, SMA, SMK, Madrasah Aliyah dan yang sederajat, yuk cepetan daftar program Samsung Solve for Tomorrow. Buruan cek website",,6569,134,@gabriellagata_
3/18/2021,"Reply to @violetgaming3 maap yaa bakal jarang ngepost, lagi ...",,https://www.tiktok.com/@naktekpang/video/6940970307167522049,,109900,297,@naktekpang
1/4/2021,#MaTa: Penemuan Objek Misterius di Dasar Laut ... - TikTok,https://www.tiktok.com/@gabriellagata_/video/6914129123191311618,"Untuk sobat Gen Z, SMA, SMK, Madrasah Aliyah dan yang sederajat, yuk cepetan daftar program Samsung Solve for Tomorrow. Buruan cek website",,20500,153,@gabriellagata_
12/24/2020,"#MaTa: Yesus Siapa, Kok Allah Beranak? (Part 1). Sc ... - TikTok",https://www.tiktok.com/@gabriellagata_/video/6910076013263260930,"Untuk sobat Gen Z, SMA, SMK, Madrasah Aliyah dan yang sederajat, yuk cepetan daftar program Samsung Solve for Tomorrow. Buruan cek website",,254600,11800,@gabriellagata_
11/23/2020,"MaTa: Alcatraz, Penjara yang Kasi Makanan Enak ke ... - TikTok",https://www.tiktok.com/@gabriellagata_/video/6898546538012740866,"Untuk sobat Gen Z, SMA, SMK, Madrasah Aliyah dan yang sederajat, yuk cepetan daftar program Samsung Solve for Tomorrow. Buruan cek website",,97000,484,@gabriellagata_
10/15/2022,pesantren al bukhori sengon tanjung brebes,https://www.tiktok.com/@ansorprsitanggal/video/7154456031656037659,Pesantren dan Madrasah. Singa Putih Munfaridin. 01:00. 71 videos · Jangan Brebes Untuk Ku. Irwan Mix. 01:00. 1 videos · Sengon. Diskjokke & diskJokke. 01:00.,Brebes,25,0,@ansorprsitanggal
9/17/2020,jelajah matahari #pramukaindonesia #mtsn4blitar #fyp?? ...,https://www.tiktok.com/@mtsn4blitar_official/video/7079590772701498650,Belajar Bersama #berandatiktok #fyp? #fyp #madrasah #madrasahhebatbermartabat #madrasahmandiriberprestasi.,Blitar,209,9,@mtsn4blitar_official
7/14/2020,al hikmah benda 2 ,tiktok.com/@malhikdua26/video/7204310732878531866,439. ????? ??? ????? ???? ?????? ??????? #santri #alhikmahdua #ppdb2023 #madrasah #santri #putihabuabu. Pengguna. malhikdua26. MA AL HIKMAH 2 BENDA.,Brebes,472,10,@malhikdua26
5/21/2020,"Dulu pernah magang 2 bulan ke pabrik sosis di Bali, sejak itu ...",https://www.tiktok.com/@naktekpang/video/6829244109069274369,"Buat kalian siswa/i kelas 10 – 13 SMA, SMK, Madrasah Aliyah dan yang sederajat, Yuk ikutan program Samsung Solve for Tomorrow! Langsung cek",Balikpapan,73100,710,@naktekpang
2/1/2020,Kalian suka warna apa? Kalau aku kuning - TikTok,https://www.tiktok.com/@cahyanirynn/video/6788424585651014913,#telaviv #tlv #telavivlife #americaninisrael #aliyah #jewish #israel #?????? #????? #michalgspan #capcut. Michal Gspan | TLV. 10.4K. recommend-cover.,,689300,16700,@cahyanirynn
8/30/2022,Penonton Karnaval #mtsn4tulungagung,https://www.tiktok.com/@kakriayatul/video/7137552516748692762,#mtsn4tulungagung #classmeeting #madrasah #madrasahviral #fyp #cowokcowokgantengnifrends #cogan dibuat oleh. Kak Riayatul#mtsn4tulungagung,Tulungagung,1419,21,@kakriayatul
7/20/2019,Berikut merupakan pusat pengajian terawal di Tanah ... - TikTok,https://www.tiktok.com/@wfarouq/video/7209518848800787739,".. Dol 1893 : Madrasah Sa'adatud Darain, Batu Hampar, Merbok - Diasaskan Oleh Tuan Guru Haji Ahmad Tampong 1900an : Madrasah ad-Diniah,",Aceh,57,1,@wfarouq
6/23/2021,MAN terbaik se-Indonesia ?? #madrasah,https://www.tiktok.com/@sobatcampus/video/7247891596060970246?q=%23madrasah&t=1690337361480,MAN terbaik se-Indonesia ?? #madrasah #madrasahhebatbermartabat,,27900,845,@sobatcampus
4/5/2021,Madrasah Ibtidaiyah membangun prestasi,https://www.tiktok.com/@sebutsajadimask/video/7218416804727639302?q=%23madrasah&t=1690337361480,MADRASAH IBTIDAIYAH MEMBANGUN PRESTASI AGAMA ISLAM MI JAYA JAYA JAYAAAAA,,108900,16800,@sebutsajadimask
7/19/2023,Universitas Islam Negeri Maulana Malik Ibrahim (UIN ... - TikTok,https://www.tiktok.com/@indonesiaonlinecoid/video/7257058700056087813,"TikTok video from Indonesia Online (@indonesiaonlinecoid): ""Universitas Islam Negeri Maulana Malik Ibrahim (UIN Maliki) Malang pada hari senin",Malang,4,0,@indonesiaonlinecoid
7/14/2023,UIN SATU Tulungagung (@uin_satu) - TikTok,https://www.tiktok.com/@uin_satu, UIN SATU Tulungagung (@uin_satu) di TikTok |68.2K Suka.4.1K Pengikut.AKUN RESMI UIN SATU Tulungagung.Tonton video terbaru UIN SATU Tulungagung (@uin_satu).,,68200,4100,@uin_satu
7/2/2023,Dosen UIN dibantah perkataannya oleh saksi Koordinator NII ...,https://www.tiktok.com/@sedihrianahyadi/video/7251998185105673478,"387.4K Likes, 3.8K Comments. TikTok video from Sedih Rian Ahyadi (@sedihrianahyadi): ""Dosen UIN dibantah perkataannya oleh saksi",Jakarta,387400,3800,@sedihrianahyadi
7/10/2023,Rektor UIN Sunan Ampel (UINSA) Surabaya ... - TikTok,https://www.tiktok.com/@uinsa.official/video/7205045857580797211,"68 Likes, TikTok video from uinsa.official (@uinsa.official): ""Rektor UIN Sunan Ampel (UINSA) Surabaya meresmikan lima layanan khusus di Perpustakaan",Surabaya,68,0,@uinsa.official
2/18/2023,Madrasah Aliyah KHAS Kempek mengucapkan ... - TikTok,https://www.tiktok.com/@simakkhaskempek/video/7201372715373088026,"253 Views, TikTok video from MAKHASKEMPEK (@simakkhaskempek): ""Madrasah Aliyah KHAS Kempek mengucapkan Selamat memperingat Isra",Cirebon,14,0,@simakkhaskempek
7/6/2023,Kegiatan pagi di posko day 1 #uin #kkn #uinsuskariau | TikTok,https://www.tiktok.com/@kkn_desakadur2023/video/7252190894311476486,"2.6K Likes, 31 Comments. TikTok video from Kkn desa kadur 2023 (@kkn_desakadur2023): ""Kegiatan pagi di posko day 1? #uin #kkn",Riau,2600,31,@kkn_desakadur2023
6/18/2023,Banyak ujiannya kalau olahraga di kampus 2 uin ke ... - TikTok,https://www.tiktok.com/@tangsel.life/video/7245886665674263814,"3.4K Likes, 150 Comments. TikTok video from Tangsel Life (@tangsel.life): ""Banyak ujiannya kalau olahraga di kampus 2 uin ke Situ Gintung",Tangerang,3400,150,@tangsel.life
6/9/2023,"Ada asrama di dalam kampus? Check this out, guys! - TikTok",https://www.tiktok.com/@uinsgd.official/video/7242715464969899269,Hai kamu keterima di-uin Bandung. dan bingung cari pondok pesantren di-bandung. langsung aja daftar ke mahad al jami'ah. karena fasilitasnya,Bandung,4048,105,@uinsgd.official
6/28/2023,Debat Cholil Nafis vs Dosen UIN - RAPAT DPR ?? - TikTok,https://www.tiktok.com/@rapat_dpr/video/7249412450955595013,dosen UIN mah babaturan di Panjul ie mah jiga na. 6-28Reply. 1. Today's top videos. @rapat_dpr's videos. recommend-cover.,Jakarta,340,15,@rapat_dpr
6/26/2023,Pentol Corah Assegaf jaya Outlet dicampus IAIN buka jam 8 ...,https://www.tiktok.com/@isnan.arifin/video/7248848261077798149,Iain ponorogo. buka dari 8.00 pagi sampai 3.00 sore. siapa nih yang sering beli pentol curah ke sini. beneran woi. setiap harinya tuh bisa. ruame,Ponorogo,6586,221,@isnan.arifin
6/20/2023,UIN Salatiga - TikTok,https://www.tiktok.com/@uin_salatiga/video/7246623169140886789,"288 Likes, TikTok video from UIN Salatiga (@uin_salatiga): ""Assalamualaikum #SahabatUINSalatiga Calon Mahasiswa yang keren itu pantang menyerah!",Salatiga,288,16,@uin_salatiga
6/28/2023,Sekelas dosen UIN Syarif Hidayatullah memiliki logika dan ...,https://www.tiktok.com/@badriihya/video/7249553342517562629,"1.1K Likes, 95 Comments. TikTok video from Badri Ihya' (@badriihya): ""Sekelas dosen UIN Syarif Hidayatullah memiliki logika dan pendapat yang",Tangerang,1113,96,@badriihya
5/29/2023,3.060 Calon Mahasiswa Berebut 1.200 Kuota UM-PTKIN di ..,https://www.tiktok.com/@jatimtimes/video/7238524829593275654,uin malang setiap tahunnya selalu bertambah. dalam hal jumlah pendaftar. uin maliki malang mencatat angka. 10.16 peserta yang memilih. untuk kuliah,Malang,63,1,@jatimtimes
5/27/2023,"Jumlah soal, waktu ujian, dan materi umptkin 2023 ... - TikTok",https://www.tiktok.com/@collegewitherik/video/7237882852187065605,"1.9K Likes, 66 Comments. TikTok video from collegewitherik (@collegewitherik): ""Jumlah soal, waktu ujian, dan materi umptkin 2023 #uin",Depok,1900,66,@collegewitherik
4/14/2023,Prodi Komunikasi dan Penyiaran Islam - IAIN Kediri ... - TikTok,https://www.tiktok.com/@viamona/video/7221886768583298331,"TikTok video from VIAMOna (@viamona): "" Prodi Komunikasi dan Penyiaran Islam - IAIN Kediri ?Proudly Present? FESKOM 14 - Break Your Limit ...",Kediri,2,0,@viamona
3/11/2023,Selamat dan Sukses Harlah Pondok Pesantren Miftahul Ulum ...,https://www.tiktok.com/@universitas_islam_madura/video/7209488982118370587,"315 Likes, TikTok video from Universitas Islam Madura (@universitas_islam_madura): ""Selamat dan Sukses Harlah Pondok",Madura,315,5,@universitas_islam_madura
3/29/2023,Kami tunggu di Kampus Hijau UIN Raden Intan Lampung,https://www.tiktok.com/@uinradenintan/video/7215904218119605530,"140.5K Likes, 4.4K Comments. TikTok video from UIN Raden Intan Lampung (@uinradenintan): ""Kami tunggu di Kampus Hijau UIN Raden Intan",Lampung,140500,4400,@uinradenintan
2/23/2023,Aturan baru UM-PTKIN 2023! Pesan Buku UM-PTKINyang ...,https://www.tiktok.com/@dmhmedia/video/7203362598484479258,"#umptkin #spanptkin #kemenag #uin #iain #lolosumptkin #infoumptkin #masukptkin #toumptkin"". Cita Citaku - Kak Yudi - Jessica Graciela.",,430,19,@dmhmedia
2/27/2022,Anak UIN mana suara nya ???? | TikTok,https://www.tiktok.com/@omcurip_/video/7204799617819528474,"19.5K Likes, 427 Comments. TikTok video from Cetakan Palupuah (@omcurip_): ""Anak UIN mana suara nya ????"". suara asli - Cetakan",Padang,19500,427,@omcurip_
2/22/2023,Zona Kuliner Purwasera UIN Saizu Baru banget buka ... - TikTok,https://www.tiktok.com/@steffievangelis/video/7202936342999829786,"4.3K Likes, 110 Comments. TikTok video from Gabriella Steffi Evangelista (@steffievangelis): "" Zona Kuliner Purwasera UIN Saizu Baru banget buka",Purwokerto,4300,110,@steffievangelis
1/19/2023,suara asli - Mahasiswa Uin Khas Jember - TikTok,https://www.tiktok.com/music/suara-asli-Mahasiswa-Uin-Khas-Jember-7190390097413065499,Lagu suara asli - Mahasiswa Uin Khas Jember ciptaan Mahasiswa Uin Khas Jember. Tonton video terbaru tentang suara asli - Mahasiswa Uin Khas,Jember,28,0,@mahasiswauinkhas
12/10/2022,"Eitsss, ternyata masih banyak yang belum tau nama Gedung ...",https://www.tiktok.com/@uinwsofficial/video/7175401406432546075,"1.3K Likes, 25 Comments. TikTok video from uinwsofficial (@uinwsofficial): ""Eitsss, ternyata masih banyak yang belum tau nama Gedung di UIN",Semarang,1276,25,@uinwsofficial
12/12/2022,Ini keren. KPI UIN SATU Tulungagung produksi dan ... - TikTok,https://www.tiktok.com/@uin_satu/video/7176170869994065178,dan ditayangkan secara massal di indonesia. film berjudul geluduk tanpa udan. menjadi salah 1. karya mahasiswa komunikasi penyiaran islam.,Tulungagung,3195,98,@uin_satu
11/19/2022,Selamat Dies Natalis Ke 49 UIN Sumatera Utara Medan 19 ...,https://www.tiktok.com/@uinsu_medan/video/7167522433522617626,Mari kita semarakkan dengan memasang photo terbaik di link twibbon di bawah ini https://twb.nz/dies49uinsu Atau bisa klik link di Bio Jangan lupa tag,Medan,139,2,@uinsu_medan
10/31/2022,Informasi Penerimaan Peserta Didik Baru SMP IT & MA Mr ...,https://www.tiktok.com/@pesantrenmrbob/video/7160584352068422938,"50 Likes, TikTok video from Pesantren Modern Mr.Bob (@pesantrenmrbob): ""Informasi ... #madrasah #smp #sma #fyp? #fyp #reels #2022 #ngaji",Madiun,50,0,@pesantrenmrbob
11/10/2022,Foto wisuda UIN WALISONGO Semarang ... - TikTok,https://www.tiktok.com/@albain_photography/video/7164218176417385755,"109 Likes, TikTok video from Mas Al (@albain_photography): ""Foto wisuda UIN WALISONGO Semarang #wisuda2022 #uinwalisongo",Semarang,109,1,@albain_photography
10/6/2022,upacara penutupan taksi UIN mataram #kreasi ... - TikTok,https://www.tiktok.com/@randomtvofficial/video/7151358185843002651,"351 Likes, 21 Comments. TikTok video from RANDOM TV (@randomtvofficial): ""upacara penutupan taksi UIN mataram #kreasi",Mataram,351,21,@randomtvofficial
9/28/2022,Jalan-Jalan dikampus II IAIN Salatiga Fakultas Syari'ah - TikTok,https://www.tiktok.com/@uin_salatiga/video/7072646242060225818,"97 Likes, TikTok video from UIN Salatiga (@uin_salatiga): ""Jalan-Jalan dikampus II IAIN Salatiga Fakultas Syari'ah#fyp #iainsalatiga #kampus"".",Salatiga,97,2,@uin_salatiga
9/8/2022,Kegiatan KKN-IK IAIN KUDUS di Desa UNDAAN LOR ... - TikTok,https://www.tiktok.com/@hana__0101/video/7141218635825073435,"628 Likes, TikTok video from Rambut Ipin (@hana__0101): ""Kegiatan KKN-IK IAIN KUDUS di Desa UNDAAN LOR #iain #undaankudus #kkniainkudus",Kudus,628,19,@hana__0101
9/14/2022,yuk keliling kampus tercinta di UIN SUNAN AMPEL SURABAYA,https://www.tiktok.com/@alda5290/video/7112273918085352730,"331 Likes, TikTok video from alda (@alda5290): ""yuk keliling kampus tercinta di UIN SUNAN AMPEL SURABAYA @uinsa.official #uinsunanampel #uinsa ...",Surabaya,334,11,@alda5290
8/23/2022,PBAK IAIN Kudus 2022 Day 1 - #pbak - #ospek - #maba - TikTok,https://www.tiktok.com/@iain_kudus/video/7134184819814190363,"580 Likes, TikTok video from IAIN Kudus (@iain_kudus): ""PBAK IAIN Kudus 2022 Day 1 #pbak #ospek #maba #iain #uin"". suara asli - Humas IAIN Kudus",Kudus,580,10,@iain_kudus
8/30/2022,This is PBAK UIN BANDUNG 2022 #uinsgdbdg ... - TikTok,https://www.tiktok.com/@uinsgd.official/video/7137516672990186778,"6K Likes, 127 Comments. TikTok video from UIN Sunan Gunung Djati Bandung (@uinsgd.official): ""This is PBAK UIN BANDUNG 2022 #uinsgdbdg",Bandung,5972,127,@uinsgd.official
7/29/2022,"tetap teguh sama PTKI Medan dikala orang"" pada ... - TikTok",https://www.tiktok.com/@ayangnyajisoo/video/7125765277488287003,"TikTok video from Immanuel (@ayangnyajisoo): ""tetap teguh sama PTKI Medan dikala orang"" pada nyaranin ambil teksip unimed #CapCut #fyp #usu",Medan,15,4,@ayangnyajisoo
7/21/2022,"Selamat & Sukses kepada Prof. Dr. SUBANDI, M.M. (Wadek III ...",https://www.tiktok.com/@uinradenintan/video/7123048617648131355,"Dr. SUBANDI, M.M. (Wadek III Fakultas Tarbiyah dan Keguruan UIN RIL) atas ... Ini dulu pembimbing saya di iain sebelum jadi UIn sehat selalu bapak, ...",Palembang,92,2,@uinradenintan
6/9/2022,Kegiatan pagi di posko day 1 #uin #kkn #uinsuskariau | TikTok,https://www.tiktok.com/@kkn_desakudur2023/video/7252190894311476486,"2.6K Likes, 31 Comments. TikTok video from Kkn desa kadur 2023 (@kkn_desakudur2023): ""Kegiatan pagi di posko day 1? #uin #kkn",Riau,2600,31,@kkn_desakudur2023
6/15/2022,Kampus 3 UIN Malang bakal jadi Green and Smart ... - TikTok,https://www.tiktok.com/@jatimtimes/video/7109441890285587738,"79 Likes, TikTok video from JatimTIMES (@jatimtimes): ""Kampus 3 UIN Malang bakal jadi Green and Smart Campus.",Malang,79,0,@jatimtimes
5/24/2022,UIN SYAHADA Yuk ramaikan biar semakin banyak yg tau,https://www.tiktok.com/@han_hrap/video/7089354821370793242,"TikTok video from ??? (@han_hrap): ""Balas @chitatolaysqtela UIN SYAHADA Yuk ramaikan biar semakin banyak yg tau #iain #sidimpuan #uin #syahada",Padang,397,23,@han_hrap
5/18/2022,yg kuliah di UIN IB Padang pasti tau #uinimambonjolpadang ...,https://www.tiktok.com/@udarobby_13/video/7099255018884238618,"2.1K Likes, 81 Comments. TikTok video from terong krispi (@udarobby_13): ""yg kuliah di UIN IB Padang pasti tau #uinimambonjolpadang #uinpadang ...",Padang,2100,81,@udarobby_13
3/3/2022,Nasib Mahasiswa UIN Suska Riau Setelah Video ... - TikTok,https://www.tiktok.com/@tribunnewssultraofficial/video/7070425101409193217,viral di media sosial. tangkapan layar zoom meeting mahasiswi universitas. islam negeri sultan syarif kasim riau. uin suska riau. berciuman dengan,Riau,1551,81,@tribunnewssultraofficial
3/4/2022,Klarifikasi Mahasiswi UIN di Riau yang Mesum di ... - TikTok,https://www.tiktok.com/@pikiranrakyat/video/7070854192918793473,"4.8K Likes, 124 Comments. TikTok video from pikiranrakyat (@pikiranrakyat): ""Klarifikasi Mahasiswi UIN di Riau yang Mesum di Zoom Meeting Ternyata",Riau,4800,124,@pikiranrakyat
2/23/2022,Part-2 - Ratusan mahasiswa unjuk rasa tuntut kejelasan kering...,https://www.tiktok.com/@madutvnetwork/video/7067420986815139074,khususnya rektor uin has jember. profesor babun soeharto. aksi tersebut. menuntut kejelasan terkait pengajuan keringanan ukt. karena disampaikan,Jember,174,1,@madutvnetwork
1/4/2022,"Makna Warna Bendera, Check Kalian tim warna apa ... - TikTok",https://www.tiktok.com/@uinsk/video/7008770269523299585,"254 Likes, TikTok video from UIN Sunan Kalijaga (@uinsk): ""Makna Warna Bendera, Check ? Kalian tim warna apa? #uinsk #uinjogja #uinsunankalijaga",Yogyakarta,254,2,@uinsk
12/1/2021,disponsori #istanbul #fyp #santripondok #uin #tiktok #hijrah,https://www.tiktok.com/@panggilajahumey/video/7036993721975508250,"39.9K Likes, 217 Comments. TikTok video from humeyrahh (@panggilajahumey): ""#disponsori #istanbul #fyp #santripondok #uin #tiktok",,39900,220,@panggilajahumey
11/13/2021,#uinjakarta #uin | TikTok,https://www.tiktok.com/@riskayullll/video/7029868610520730906,"43 Likes, TikTok video from Riskayulll (@riskayullll): ""#uinjakarta #uin"". IMMA SHOW YOU HOW TO GRADUATE - jorge.",Tangerang,44,1,@riskayullll
10/7/2021,Size M almet kek size XXL wkwkwk #fyp #uin ... - TikTok,https://www.tiktok.com/@otayaa_/video/6994317916049100033,"113 Likes, TikTok video from Ipeh! (@otayaa_): ""Size M almet kek size XXL wkwkwk #fyp #uin #uinsuskariau #pekanbaru"". almetku emang ke gedean",Riau,113,18,@otayaa_
9/22/2021,berikut merupakan PTN dan PTKIN tanpa uang ... - TikTok,https://www.tiktok.com/@fighterptn.id/video/7010906221146393883,"7.6K Likes, 113 Comments. TikTok video from fighterptn (@fighterptn.id): ""berikut merupakan PTN dan PTKIN tanpa uang pangkal atau SPI pada jalur",,7560,113,@fighterptn.id
8/14/2021,Nasi pecel ter enak daerah UIN SUKA pokoknyaaa ... - TikTok,https://www.tiktok.com/@iniiisansan/video/6996254680783342875,"6K Likes, 366 Comments. TikTok video from JAJANYUK (@iniiisansan): ""Nasi pecel ter enak daerah UIN SUKA pokoknyaaa, siapa nih anak UIN yg pernah",Yogyakarta,6000,366,@iniiisansan
7/10/2021,Reply to @eramelanii ANOTHER HIDDEN GEM!!! kos ... - TikTok,https://www.tiktok.com/@baboo_kos/video/6983501142000946458,"TikTok video from Baboo Kos?????? (@baboo_kos): ""Reply to @eramelanii ANOTHER HIDDEN GEM!!! kos cewe buat mahasiswi UB, UM, UIN? 2 menit",Malang,18900,1095,@baboo_kos
6/8/2021,review kosan murah dekat kampus UIN cek #fyp ... - TikTok,https://www.tiktok.com/@bolubolucukke/video/6970508625500540162,"11.5K Likes, 407 Comments. TikTok video from nasipadang10/10 (@bolubolucukke): ""review kosan murah dekat kampus UIN cek ? #fyp",Jakarta,11500,407,@bolubolucukke
11/18/2020,fasya #fyp #iain #iainponorogo #kuliah #mahasiswa | TikTok,https://www.tiktok.com/@chrst.naa/video/7140962746669075739,"61 Likes, TikTok video from ell (@chrst.naa): ""fasya #fyp #iain #iainponorogo #kuliah #mahasiswa"". NABIH IKOO FT DJ APAKS - Rizki.SZ.",Ponorogo,61,1,@chrst.naa
9/10/2020,"Sebatas Teman, Guyon waton at IAIN Surakarta - TikTok",https://www.tiktok.com/@agendasolo/video/6835538337911082242,"188 Likes, TikTok video from Agenda Solo (@agendasolo): ""Sebatas Teman, Guyon waton at IAIN Surakarta #guyonwaton #sebatasteman #foryou",Solo,188,1,@agendasolo
11/16/2022,Mahasiswa UIN ngumpul sini,https://www.tiktok.com/@gadisrafidha/video/7166507677735046426,Mahasiswa UIN ngumpul sini dehh. Wajib bgt cobain warung bakso krikil terrr thebest inii ?? #NikmatiKenangannya #jogja24jam #jogja #kulinerjogja #jogjafoodhunter,Yogyakarta,1718,59,@gadisrafidha
7/12/2023,Semangat teman teman kuuuu #pesantren #mondok - TikTok,https://www.tiktok.com/@harrysetyaa/video/7255210375967165701,"345 Likes, TikTok video from Bang Diego (@harrysetyaa): ""Semangat teman teman kuuuu #pesantren #mondok"". suara asli - Mine. - Mine..",,349,17,@harrysetyaa
7/20/2023,Hidup lagi cape capenya malah punya temen yang pesantren disana #alzaytun,https://www.tiktok.com/@dalitazka_/video/7257078855414992133,"148.4K Likes, 494 Comments. TikTok video from Dalit Azka (@dalitazka_): ""Hidup lagi cape capenya malah punya temen yg pesantren disana #alzaytun",Indramayu,148400,494,@dalitazka_
7/3/2023,#santripondok #pesantren #idrisiyyah #estehmanisya #mondokpesantren #pov #qna #fyp #santriputra #pesantrenstory #ayomondok #santrifyp,https://www.tiktok.com/@estehmanisya/video/7250822098166304005,"76.1K Likes, 893 Comments. TikTok video from Snikdewi (@estehmanisya): ""#santripondok #pesantren #idrisiyyah #estehmanisya #mondokpesantren",Tasikmalaya,76100,893,@estehmanisya
7/22/2023,anak pesantren,https://www.tiktok.com/@hiwigooagain/video/7258192844345642246,"3.7K Likes, 27 Comments. TikTok video from moormaid ? ??? ? (@hiwigooagain): ""anak pesantren"". suara asli - Parenting Hebat.",,3700,27,@hiwigooagain
7/10/2023,Pondok Pesantren (Ponpes) Al-Zaytun di Indramayu,https://www.tiktok.com/@kompastvnews/video/7252597363141823762,"69 Likes, TikTok video from Kompas TV (@kompastvnews): ""Pondok Pesantren (Ponpes) Al-Zaytun di Indramayu, Jawa Barat, menjadi polemik…",Indramayu,69,1,@kompastvnews
7/17/2023,Replying to @ig_pineappleeeeee lulusan pesantren mau ...,https://www.tiktok.com/@vmuliana/video/7254916074926263558,"52.5K Likes, 823 Comments. TikTok video from Vina Muliana (@vmuliana): ""Replying to @ig_pineappleeeeee lulusan pesantren mau bikin CV? Gausa…",Jakarta,52500,823,@vmuliana
7/3/2023,Polemik ajaran di Pondok Pesantren Al-Zaytun terus ... - TikTok,https://www.tiktok.com/@cnnindonesia/video/7251466033091972354,pondok pesantren. al zaitun panji gumilang. atas dugaan dua laporan terkait dugaan penistaan agama. ya kita akan tergabung dengan koresponden CNN…,Indramayu,29,0,@cnnindonesia
7/2/2023,Video viral wanita jadi imam salat di pesantren Langkat ...,https://www.tiktok.com/@detikcom/video/7251116381263973638,"88 Likes, TikTok video from detik.com (@detikcom): ""Video viral wanita jadi imam salat di pesantren Langkat ternyata hanya potongan sebuah film di…",Langkat,88,0,@detikcom
7/19/2023,"Pemimpin Pondok Pesantren Al-Zaytun, Panji Gumilang ...",https://www.tiktok.com/@inilahcom/video/7257051905371802881,"40 Likes, TikTok video from Inilah.com (@inilahcom): ""Pemimpin Pondok Pesantren Al-Zaytun, Panji Gumilang mengajak para santrinya untuk",Indramayu,40,0,@inilahcom
7/22/2023,sengcol anak pesantren #scoups #seungcheol #seventeen ...,https://www.tiktok.com/@tatimyscoups/video/7258113142897544453,"34.3K Likes, 126 Comments. TikTok video from Taty Niss (@tatimyscoups): ""sengcol anak pesantren #scoups #seungcheol #seventeen #svtcarat #fyp?",,34300,126,@tatimyscoups
7/21/2023,Peletakan Batu Pertama Pembangunan Pondok Pesantren ...,https://www.tiktok.com/@tni.tv/video/7257111048489078022,"25.6K Likes, 61 Comments. TikTok video from TNI.TV (@tni.tv): ""Peletakan Batu Pertama Pembangunan Pondok Pesantren Jati Diri Bangsa oleh Kapuspen TNI #tnitv ...",Kediri,25600,61,@tni.tv
7/20/2023,Pimpinan Pondok Pesantren Al-Zaytun Panji Gumilang ...,https://www.tiktok.com/@cnnindonesia/video/7251849515714579714,"70 Likes, TikTok video from CNN Indonesia (@cnnindonesia): ""Pimpinan Pondok Pesantren Al-Zaytun Panji Gumilang diperiksa Polisi sebagai saksi.",Jakarta,70,0,@cnnindonesia
7/3/2023,Traweh neng Pondok Pesantren Mamba'ul Hikam ... - TikTok,https://www.tiktok.com/@jelajahmblitar/video/7219681643802447109,"7K Likes, 154 Comments. TikTok video from Jelajah Blitar (@jelajahmblitar): ""Traweh neng Pondok Pesantren Mamba'ul Hikam, Mantenan, Udanawu,",Blitar,7000,154,@jelajahmblitar
7/3/2023,Seblak Jewol Jl. Perjuangan Kota Cirebon (sebelah ... - TikTok,https://www.tiktok.com/@aboutcirebonid/video/7251397131183934725,Seblak Jewol Jl. Perjuangan Kota Cirebon (sebelah barat kampus IAIN Syekh Nurjati/Depan Lab Intibios ) ? Buka setiap hari jam 11.00-21.00 WIB,Cirebon,4661,282,@aboutcirebonid
7/14/2023,Mostafa Atef Barsholawat Bersama Santri Pondok ... - TikTok,https://www.tiktok.com/@dalwatv/video/7254882957423299845,"3.7K Likes, TikTok video from dalwatv (@dalwatv): ""Mostafa Atef Barsholawat Bersama Santri Pondok Pesantren Darullughah Wadda'wah Yuk saling",Pasuruan,3948,18,@dalwatv
7/3/2023,"RICUH USAI PEMERIKSAAN PANJI GUMILANG, Pimpinan ...",https://www.tiktok.com/@bpostonline/video/7251947034750618882,"TikTok video from Banjarmasin Post (@bpostonline): ""RICUH USAI PEMERIKSAAN PANJI GUMILANG, Pimpinan Pondok Pesantren Al Zaytun:",Banjarmasin,0,0,@bpostonline
7/22/2023,pondok pesantren Al Istiqlaliyyah cilongok pasar ... - TikTok,https://www.tiktok.com/@uusq02/video/7200758965263813914,"115 Likes, TikTok video from @wadon_salafy04 (@uusq02): ""pondok pesantren Al Istiqlaliyyah cilongok pasar Kemis #alistiqlaliyahcilongok",Tangerang,115,2,@uusq02
7/20/2023,Ldr jaya jaya jaya #fyp #santri #pondok #pesantren - TikTok,https://www.tiktok.com/@heldadorezzz/video/7224068085639089435,"8.5K Likes, 189 Comments. TikTok video from Helda Doress (@heldadorezzz): ""Ldr jaya jaya jaya #fyp #santri #pondok #pesantren"".",Tasikmalaya,8500,189,@heldadorezzz
6/27/2023,"Setelah menuai polemik panjang, kisruh Pondok Pesantren Al ...",https://www.tiktok.com/@cnnindonesia/video/72492041144694,"79 Likes, TikTok video from CNN Indonesia (@cnnindonesia): ""Setelah menuai polemik panjang, kisruh Pondok Pesantren Al Zaytun belum juga",Indramayu,79,0,@cnnindonesia
6/22/2023,Suasana di depan gerbang pondok Pesantren Al Zaytun di ...,https://www.tiktok.com/@cnnindonesia/video/7247340894695755010,"218 Likes, 20 Comments. TikTok video from CNN Indonesia (@cnnindonesia): ""Suasana di depan gerbang pondok Pesantren Al Zaytun",Indramayu,218,20,@cnnindonesia
6/21/2023,Usai unjuk rasa minta pembubarkan Pondok Pesantren Al ...,https://www.tiktok.com/@kompastvnews/video/7247076342813035777,"61 Likes, TikTok video from Kompas TV (@kompastvnews): ""Usai unjuk rasa minta pembubarkan Pondok Pesantren Al Zaytun di Indramayu, Pemerintah",Indramayu,61,11,@kompastvnews
6/19/2023,Pesantren bukan sembarang pesantren #alzaytun ... - TikTok,https://www.tiktok.com/@darisuara/video/7246427789123996933,"228.4K Likes, 7K Comments. TikTok video from Dari Suara (@darisuara): ""Pesantren bukan sembarang pesantren #alzaytun #pesantren #viral"".",Indramayu,228400,7000,@darisuara
6/18/2023,"Santri Al Zaytun, Banyak dari Luar Negeri Klaim Pesantren ...",https://www.tiktok.com/@tribunjabar.id/video/7245867706023644421,dikutip dari tribun jabar ID. pondok pesantren al zaitun merupakan lembaga pendidikan. Islam. yang didirikan oleh yayasan pesantren Indonesia atau.,Indramayu,92,11,@tribunjabar.id
6/28/2023,Pondok Pesantren Al Zaytun Indramayu Jawa Barat ... - TikTok,https://www.tiktok.com/@cnnindonesia/video/7249606220275862789,"170.7K Likes, 13.3K Comments. TikTok video from CNN Indonesia (@cnnindonesia): ""Pondok Pesantren Al Zaytun Indramayu Jawa Barat aka",Indramayu,170700,13300,@cnnindonesia
6/14/2023,Profil Pondok Pesantren Tahfizh dan Entrepreneur Thursina ...,https://www.tiktok.com/@ponpesthursina/video/7244341175405104385,pesantren tahfidz dan entrepreneur tursina. ybm pln adalah pesantren terindah di-dunia. karena dikelilingi indahnya pegunungan. dan perbukitan Nan asri. dan ...,,81,0,@ponpesthursina
6/4/2023,"Pimpinan Pondok Pesantren Al-Zaytun, Indramayu, Panji ...",https://www.tiktok.com/@inilahcom/video/7240809517351570690,"22 Likes, TikTok video from Inilah.com (@inilahcom): ""Pimpinan Pondok Pesantren Al-Zaytun, Indramayu, Panji Gumilang kini makin membuat heboh",Indramayu,22,2,@inilahcom
5/1/2023,suara asli - Pondok Pesantren Nurul Cholil - TikTok,https://www.tiktok.com/@nurulcholilonline/video/7228421174198455557,"1.9K Likes, 22 Comments. TikTok video from Pondok Pesantren Nurul Cholil (@nurulcholilonline). suara asli - Pondok Pesantren Nurul Cholil.",Bangkalan,1900,22,@nurulcholilonline
5/4/2023,"Kangen Suasana Pesantren, nih ada salam kapan ... - TikTok",https://www.tiktok.com/@nurulcholilonline/video/7229269389625953541,"1.4K Likes, 31 Comments. TikTok video from Pondok Pesantren Nurul Cholil (@nurulcholilonline): ""Kangen Suasana Pesantren, nih ada salam kapan",Bangkalan,1400,31,@nurulcholilonline
5/18/2023,DOREMI versi santri MTs Pondok Pesantren Tahfidz ... - TikTok,https://www.tiktok.com/@mtspptqassalaambandung/video/7234710390741929222,"75 Likes, TikTok video from MTS PPTQ ASSALAAM BANDUNG (@mtspptqassalaambandung): ""DOREMI versi santri MTs Pondok Pesantren",Bandung,75,2,@mtspptqassalaambandung
5/15/2023,ngaji bareng santri#pesantren #kerudung - Al-Asran - TikTok,https://www.tiktok.com/@al_asran/video/7233363922710203674,"190 Likes, TikTok video from Al-Asran (@al_asran): ""ngaji bareng santri#pesantren #kerudung"". suara asli - Al-Asran.",Bandung,192,2,@al_asran
5/8/2023,Sedikit demi sedikit #pondok #pesantren #alzaytun #viral,https://www.tiktok.com/@adjieshop/video/7231032969513798938,"TikTok video from ADJIESHOP (@adjieshop): ""Sedikit demi sedikit #pondok #pesantren #alzaytun #viral"". Powerful songs like action movie music -",Indramayu,17000,4852,@adjieshop
5/21/2023,Membangun gereja di dalam Pesantren.?? Toleransi ... - TikTok,https://www.tiktok.com/@kang.k0pi/video/7235580837192830214,"137.9K Likes, 3.5K Comments. TikTok video from Juragan Kopi ? (@kang.k0pi): ""Membangun gereja di dalam Pesantren.?? Toleransi",Indramayu,137900,3500,@kang.k0pi
5/28/2023,Info cetak kartu ujian SPMB UIN Jakarta TA 2022 ... - TikTok,https://www.tiktok.com/@uinjktofficial/video/7097218827611589914,"79 Likes, TikTok video from uinjktofficial (@uinjktofficial): ""Info cetak kartu ujian SPMB UIN Jakarta TA 2022/2023. Monggo di cek yes #sobatuinjkt ...",Tangerang,80,6,@uinjktofficial
5/14/2023,Membalas @lastrimagetan74 Pesantren Lansia Darun Naim ...,https://www.tiktok.com/@gaj_ahmada1/video/7233292245531659547,"17.1K Likes, 2.6K Comments. TikTok video from Ahmad@ (@gaj_ahmada1): ""Membalas @lastrimagetan74 Pesantren Lansia Darun Naim Jonggol",Bogor,17100,2600,@gaj_ahmada1
5/15/2023,"Islah Bahrawi, tokoh radikal-radikul, sebut semua ... - TikTok",https://www.tiktok.com/@arrahmahdaily/video/7233617019634011393,"476 Likes, 486 Comments. TikTok video from Arrahmah Daily (@arrahmahdaily): ""Islah Bahrawi, tokoh radikal-radikul, sebut semua santri",Sidogiri,476,486,@arrahmahdaily
5/18/2023,Pondok Pesantren Bahrul Ulum Gowa #pesantrenbahrululum ...,https://www.tiktok.com/@agustianinur18/video/7234432046880312581,"69 Likes, TikTok video from Agustiani Nur (@agustianinur18): ""Pondok Pesantren Bahrul Ulum Gowa #pesantrenbahrululum",Gowa,69,11,@agustianinur18
4/27/2023,Nama Pondok Pesantren Al-Zaytun yang berada di ... - TikTok,https://www.tiktok.com/@inilahcom/video/7226653815188000002,"29.8K Likes, 3.8K Comments. TikTok video from Inilah.com (@inilahcom): ""Nama Pondok Pesantren Al-Zaytun yang berada di daerah Indramayu kini",Indramayu,29800,3800,@inilah.com
4/23/2023,Sholat Idul Fitri di Pesantren Al Zaytun #fyp #fypgakn ... - TikTok,https://www.tiktok.com/@maylbeckreal/video/7225478601636908315,"7.4K Likes, 2.3K Comments. TikTok video from Mayl Beck Real. (@maylbeckreal): ""Sholat Idul Fitri di Pesantren Al Zaytun #fyp #fypgakn",Indramayu,7400,2300,@maybeckreal
4/5/2023,"Sebuah pondok pesantren di Cilacap, memiliki blok ... - TikTok",https://www.tiktok.com/@cnnindonesia/video/7218504993786121474,"86 Likes, TikTok video from CNN Indonesia (@cnnindonesia): ""Sebuah pondok pesantren di Cilacap, memiliki blok khusus untuk menampung",Cilacap,86,1,@cnnindonesia
4/25/2023,Video salatIdul Fitri di Pondok Pesantren Al-Zaytun ... - TikTok,https://www.tiktok.com/@correcto.id/video/7225946629164125467,"133 Likes, TikTok video from Correcto NewsID (@correcto.id): ""Video salatIdul Fitri di Pondok Pesantren Al-Zaytun, Indramayu viral di media sosial.",Jakarta,133,8,@correcto.id
4/25/2023,Salat Jumat 21 April 2023 di Pesantren Megah dan ... - TikTok,https://www.tiktok.com/@durasiid/video/7226028001706675483,"73.3K Likes, 9.2K Comments. TikTok video from durasi.id (@durasiid): ""Salat Jumat 21 April 2023 di Pesantren Megah dan moderen Al Zaytun, Indramayu",Indramayu,73300,9200,@durasiid
4/12/2023,Jangan lewatkan kesempatan ini! Tes Seleksi Santri ... - TikTok,https://www.tiktok.com/@dawuhguru.co.id/video/7221090600978795802,"35 Likes, TikTok video from dawuhguru (@dawuhguru.co.id): ""Jangan lewatkan kesempatan ini! Tes Seleksi Santri Baru Pesantren VIP Bina Insan",Cirebon,35,1,@dawuhguru.co.id
4/16/2023,Jernih Berbagi Pengetahuan Kompas.com di Pesantren ...,https://www.tiktok.com/@kompascom/video/7222906417433283866,"#JernihMelihatDunia #RamadhanJernihBerbagi #Ramadhan #Pesantren #Ramadan #mediasosial #berbagi #serunyabelajar"". Ramadan Kareem -",Bogor,51,0,@kompascom
4/23/2023,MOMEN SHALAT IDUL FITRI DI PESANTREN AL-ZAYTUN ...,https://www.tiktok.com/@rizky_aul/video/7225473577380744491,"82.1K Likes, 3.5K Comments. TikTok video from Rizky Aulia (@rizky_aul): ""MOMEN SHALAT IDUL FITRI DI PESANTREN AL-ZAYTUN MENJADI",Indramayu,82100,3500,@rizky_aul
4/24/2023,"Pondok Pesantren Al-Zaytun, Kabupaten Indramayu ... - TikTok",https://www.tiktok.com/@inilahcom/video/7225579484697742594,"336 Likes, 126 Comments. TikTok video from Inilah.com (@inilahcom): ""Pondok Pesantren Al-Zaytun, Kabupaten Indramayu, Jawa Barat, jadi",Indramayu,336,126,@inilahcom
4/21/2023,Segenap jajaran pengurus pondok pesantren modern Al ...,https://www.tiktok.com/@radarbojonegoro/video/7224541280699796763,"56 Likes, TikTok video from Radar Bojonegoro (@radarbojonegoro): ""Segenap jajaran pengurus pondok pesantren modern Al Fatimah dan IAI Al",Bojonegoro,56,0,@radarbojonegoro
4/7/2023,Di sekolah pesantren sini @smamda.sidoarjo boleh bawa HP ...,https://www.tiktok.com/@santrimendunia.id/video/7219512036789636378,"169 Likes, TikTok video from Santri Mendunia (@santrimendunia.id): ""Di sekolah pesantren sini @smamda.sidoarjo boleh bawa HP dan Fasilitasnya",Sidoarjo,169,15,@santrimendunia.id
4/25/2023,Liburan Idul Fitri 1444 H tinggal beberapa hari lagi ... - TikTok,https://www.tiktok.com/@pontren_attawazun/video/7226239176969080091,santri pondok pesantren atawajun. tinggal beberapa hari lagi. kalian akan kembali ke pondok. untuk menuntut ilmu dan juga mencari. ridho guru dan,Subang,144,7,@pontren_attawazun
3/6/2023,Opening ceremony Milad Sidogiri 286 Tahun Pondok ... - TikTok,https://www.tiktok.com/@sidogiri/video/7207614573296340251,slide slide. video ini tujuannya adalah kalian bisa tahu. bagaimana berharganya. kalian. sudah ditakdirkan menjadi santri pondok pesantren.,Sidogiri,7507,85,@sidogiri
3/26/2023,Santriwati paling cantik sejagat Pesantren Al-Hikmah ... - TikTok,https://www.tiktok.com/@vidiodotcom/video/7215041439930109210,"2.1K Likes, TikTok video from Vidio (@vidiodotcom): ""Santriwati paling cantik sejagat Pesantren Al-Hikmah nih setuju gak? Namanya Alifah diperankan",Bogor,2100,9,@vidiodotcom
3/15/2023,Lanjut yang koment minta spill santri putri..#pesantren #viral ...,https://www.tiktok.com/@nurulcholilonline/video/7136808866712522010,"1.4K Likes, 38 Comments. TikTok video from Pondok Pesantren Nurul Cholil (@nurulcholilonline): ""Lanjut yang koment minta spill santri putri.",Bangkalan,1400,38,@nurulcholilonline
3/17/2023,Taujihat Majelis Keluarga Pondok Pesantren Sidogiri ... - TikTok,https://www.tiktok.com/@sidogiri/video/7211728041284816155,"18.6K Likes, 134 Comments. TikTok video from Pondok Pesantren Sidogiri (@sidogiri): ""Taujihat Majelis Keluarga Pondok Pesantren Sidogiri dalam",Sidogiri,18600,134,@sidogiri
2/18/2023,Madrasah Aliyah KHAS Kempek mengucapkan ... - TikTok,https://www.tiktok.com/@simakkhaskempek/video/7201372715373088026,"253 Views, TikTok video from MAKHASKEMPEK (@simakkhaskempek): ""Madrasah Aliyah KHAS Kempek mengucapkan Selamat memperingat Isra",Cirebon,14,0,@simakkhaskempek
2/16/2023,Kenalan yuk sama Outfit Santri Putri Pondok Pesantren Al ...,https://www.tiktok.com/@ponpes_almultazam/video/7200976666028657947,"#alasantri #santrialmultazam #outfitsantriputri #santripondokpesantren #fyp?"". Outfit Santri Putri suara asli - Pondok Pesantren Al-Multazam.",Bandung,248,12,@ponpes_almultazam
2/19/2023,Pondok Pesantren Lansia Darun Na'im juga di pakai ... - TikTok,https://www.tiktok.com/@ismailzamakhsyari/video/7201858409161952538,"251 Likes, 33 Comments. TikTok video from Muhammad Ismail Zamakhsyari (@ismailzamakhsyari): ""Pondok Pesantren Lansia Darun Na'im juga di pakai",Bogor,251,33,@ismailzamakhsyari
2/9/2023,Yuk gabung di pondok pesantren Darun Na'im Jonggol ...,https://www.tiktok.com/@ismailzamakhsyari/video/7198346403016396058,pondok pesantren lansia darun a m. pondok dengan nuansa alam yang indah khusus lansia. terletak di kampung babakan. ci sewu kecamatan,Jonggol,20500,1627,@ismailzamakhsyari
1/5/2023,profil pengasuh dan pendiri Pondok Pesantren Terpadu Al ...,https://www.tiktok.com/@alfushamedia/video/7185359359487085850,"285 Likes, TikTok video from ALFUSHA MEDIA (@alfushamedia): ""profil pengasuh dan pendiri Pondok Pesantren Terpadu Al Fusha #santripondok",Pekalongan,285,4,@alfushamedia
1/16/2023,Dugaan cabul di ponpes daerah Jember. / #fyp ... - TikTok,https://www.tiktok.com/@kompascom/video/7189186825431420187,dugaan perselingkuhan dan pencabulan terjadi di pondok. pesantren al jalil ii. di desa mangaran. kabupaten jember. jawa timur. sebanyak 15 santriwati,Jember,20600,833,@kompascom
12/24/2022,"Membalas @????? ini kak,, #pesantren ... - TikTok",https://www.tiktok.com/@arrohmahputriofficial/video/7180527050778807578,"64.8K Likes, 972 Comments. TikTok video from Ar-Rohmah Putri Malang (@arrohmahputriofficial): ""Membalas @????? ini kak,, #pesantren ...",Malang,64800,972,@arrohmahputriofficial
12/23/2022,"Pesantren al-Amanah didirikan pada tahun 1992, kini ... - TikTok",https://www.tiktok.com/@alamanahjunwangi/video/7150841861689675009,"65 Likes, TikTok video from PonPes al-Amanah Junwangi (@alamanahjunwangi): ""Pesantren al-Amanah didirikan pada tahun 1992",Sidoarjo,65,1,@alamanahjunwangi
11/16/2022,Beberapa Pondok Pesantren yang pernah Ustadzah ... - TikTok,https://www.tiktok.com/@santriberhias/video/7166885660249312538,"10.4K Likes, 67 Comments. TikTok video from Santri Berhias (@santriberhias): ""Beberapa Pondok Pesantren yang pernah Ustadzah",,10400,67,@santriberhias
11/28/2022,Open app - TikTok,https://www.tiktok.com/@farhanenamsembilan/video/7171072114928192795,"9.2K Likes, 300 Comments. TikTok video from farhan (@farhanenamsembilan): ""pondok pesantren wali songo",Bogor,9200,300,@farhanenamsembilan
10/19/2022,Seputar tentang pondok pesantren Al-Multazam ... - TikTok,https://www.tiktok.com/@ponpes_almultazam/video/7156288954134760730,"fyp#pondokkukeren #ayomondok #santrialmultazam #santrikeren #mondokitukeren #pondokjatim"". suara asli - Pondok Pesantren Al-Multazam.",Mojokerto,221,7,@ponpes_almultazam
9/7/2022,Kasus santri t3w4s di Pondok Pesantren #Gontor - TikTok,https://www.tiktok.com/@merindink.id/video/7140555190603681050,"362.2K Likes, 19.4K Comments. TikTok video from MERINDINK (@merindink.id): ""Kasus santri t3w4s di Pondok Pesantren #Gontor"". original",Ponorogo,362200,19400,@merindink.id
8/29/2022,Syair senandung untuk KH. A. Nawawi Abdul Djalil ... - TikTok,https://www.tiktok.com/@sidogiri/video/7135786661434150171,"223.2K Likes, 936 Comments. TikTok video from Pondok Pesantren Sidogiri (@sidogiri): ""Syair senandung untuk KH. A. Nawawi Abdul Djalil dilantunkan",Sidogiri,223200,936,@sidogiri
8/18/2022,Lomba Hias Kamar Santri Putri Pondok Pesantren ... - TikTok,https://www.tiktok.com/@ppmadinatululum/video/7133384037380525339,"871 Likes, 27 Comments. TikTok video from ppmadinatululum (@ppmadinatululum): ""Lomba Hias Kamar Santri Putri Pondok Pesantren",Bojonegoro,871,27,@ppmadinatululum
7/29/2022,Milad Pondok Pesantren Sidogiri 285 #pondokpesantren ...,https://www.tiktok.com/@muhammadn0fel/video/7125642412634000666,"110 Likes, TikTok video from Muhammad Nofel ? (@muhammadn0fel): ""Milad Pondok Pesantren Sidogiri 285 ? #pondokpesantren #sidogirian",Sidogiri,110,4,@muhammadn0fel
6/11/2022,"Ketahuan pacaran, santri diarak keliling pesantren #fyp #viral ...",https://www.tiktok.com/@tribun_padang/video/7107523653440425242,"768 Likes, TikTok video from Tribunpadang Shop (@tribun_padang): ""Ketahuan pacaran, santri diarak keliling pesantren #fyp #viral",Padang ,768,16,@tribun_padang
5/2/2022,#anakpunk #pesantren #tasawufunderground #taubat #islam ...,https://www.tiktok.com/@daaitvindonesia/video/7093121216512380187,"25.4K Likes, 524 Comments. TikTok video from DAAI TV Indonesia (@daaitvindonesia): ""#anakpunk #pesantren #tasawufunderground #taubat",,25400,524,@daaitvindonesia
4/13/2022,Ketum AHY Safari Ramadhan ke Pondok Pesantren ... - TikTok,https://www.tiktok.com/@galery_ahy/video/7086347389027601690,"5.1K Likes, 840 Comments. TikTok video from Galery AHY (@galery_ahy): ""Ketum AHY Safari Ramadhan ke Pondok Pesantren (Pontren) Suryalaya d",Tasikmalaya,5100,840,@galery_ahy
4/12/2022,Liburan Ramadhan Santri dan Santriwaty Pondok ... - TikTok,https://www.tiktok.com/@pzhgenggong/video/7085877635045199131,"4.5K Likes, 37 Comments. TikTok video from pzhgenggong (@pzhgenggong): ""Liburan Ramadhan Santri dan Santriwaty Pondok Pesantren Zainul Hasan",Probolinggo,4500,37,@pzhgenggong
3/28/2022,Pondok Pesantren Lirboyo Kediri #fyp ... - TikTok,https://www.tiktok.com/@ulfah_ulilalbab/video/7080056658424073499,"219.9K Likes, 3.7K Comments. TikTok video from faa27 (@ulfah_ulilalbab): ""Pondok Pesantren Lirboyo Kediri #fyp #fypdongggggggg #santrikeren",Kediri,219900,3700,@ulfah_ulilalbab
2/4/2022,jenguk Abang Kiki ke pondok pesantren ... - TikTok,https://www.tiktok.com/@merrynando12/video/7060794912974851355,"540.1K Likes, 2.8K Comments. TikTok video from MerryN@ndo (@merrynando12): ""jenguk Abang Kiki ke pondok pesantren ??",,540100,2800,@merrynando12
11/29/2021,"kamarnya Al Maahira Homey banget, pantes pada betah",https://www.tiktok.com/@humasalmaahiraiibsmalang/video/7035895435596205339,#fyp #almaahiraiibs #almaahiraiibsmalang #almaahira #pondokpesantren #pesantren #pesantrenstory. Humas Al Maahira IIBS Malang. 37.7K ·,Malang,749900,8525,@humasalmaahiraiibsmalang
11/14/2021,Yang dari dulu pengen masuk pesantren #mdqhnwpancor ...,https://www.tiktok.com/@rumah.santri/video/7030374497291078939,"36.5K Likes, 471 Comments. TikTok video from rumah.santri (@rumah.santri): ""Yang dari dulu pengen masuk pesantren #mdqhnwpancor #fyp? #fyp ...",Lombok Timur,36500,472,@rumah.santri
9/8/2021,Pondok Pesantren Al Falah Kodon Serang ... - TikTok,https://www.tiktok.com/@putratunggal227/video/7005534624818433307,"5.5K Likes, 79 Comments. TikTok video from Aa AHMAD - BANTEN (@putratunggal227): ""Pondok Pesantren Al Falah Kodon Serang,",Banten,5500,79,@putratunggal227
9/23/2021,PP. Mambaus Sholihin Putri. Ini gedung baru untuk anak MTs ...,https://www.tiktok.com/@emakkompleksebelah/video/7011027100618607874,#dalwa #pondok pesantren#santripondok. A?. 553.4K · recommend-cover. Teman berhati Malaikat #pesantrenstory #santripondok #santriwati,Gresik,16100,730,@emakkompleksebelah
8/22/2021,Aku di pondok pesantren Asy-Syarifiy pandanwangi ... - TikTok,https://www.tiktok.com/@ypp_asysyarifiy/video/6999423984823586075,"549 Likes, 30 Comments. TikTok video from Pesantren Terbaik di Lumajang (@ypp_asysyarifiy): ""Aku di pondok pesantren Asy-Syarifiy pandanwangi",Lumajang,549,30,@ypp_asysyarifiy
5/20/2021,aku lebih menghargai orang yang ber adab dari pada ... - TikTok,https://www.tiktok.com/@live_efootball/video/6964237103945223426,"sumpah ini sama kya di pesantren aq,di pekalongan,slam santri. 2021-5-23. 9. Reply. mhmmd ikhwan. semua orng juga memilih adap kerena adap lebih",,72500,272,@pages_paradise
4/19/2021,Belanja di Basmalah milik pondok pesantren Sidogiri ... - TikTok,https://www.tiktok.com/@kingzadma/video/6953039488444599553,"8.1K Likes, 220 Comments. TikTok video from kingzadma (@kingzadma): ""Belanja di Basmalah milik pondok pesantren Sidogiri #GoodDayFreezeYuk",Sidogiri,8100,220,@kingzadma
4/6/2021,Al Ma'had Darul Ulum Jombang 2021 Asrama ... - TikTok,https://www.tiktok.com/@racunkhabiba_/video/6948300852675366146,"TikTok video from Scorpio (@racunkhabiba_): ""Al Ma'had Darul Ulum Jombang 2021 Asrama Muzamzamah Chosiyah #darululumjombang",Jombang,8,0,@racunkhabiba_
3/5/2021,Mondok Berpisah Sementara #gontor #gontor #gontorputri ...,https://www.tiktok.com/@haitsam_17/video/6936004556362943745,"... #gontorputri #gontorputra #fyp #fyp? #santri #santrigaul #pesantren #santrikeren #mondok #santriwati #fy"". tujh mein rab dikhta hai - Ovi jit .",Ponorogo,32600,476,@haitsam_17
1/19/2021,syekh Anas Jaber adalah adik dari Gurunda #syekhalijaber ...,https://www.tiktok.com/@yayasansyekhalijaber/video/6919265991201524994,".. (@yayasansyekhalijaber): ""syekh Anas Jaber adalah adik dari Gurunda #syekhalijaber saat ini beliau mengurusi pesantren #Mahirdenganalquran",Cipanas,1982,56,@yayasansyekhalijaber
9/3/2020,Tinggal menghitung hari #balikanpondok #ditinggalmondok ...,https://www.tiktok.com/@20september03/video/7092010285791333659,"57.5K Likes, TikTok video from BheKalLahAzes || 25Apr23 ? (@20september03): ""Tinggal menghitung hari #balikanpondok",,57500,9,@20september03
6/7/2020,TRIO BEMO DI KUN ANTA SEASON PERTAMA SEBUT - TikTok,https://www.tiktok.com/@rickhardkeefe3/video/6813548941875956994,"111 Likes, TikTok video from A.Rickhard Keefe (@rickhardkeefe3): ""PONDOK PESANTREN KUN ANTA: TRIO BEMO DI KUN ANTA SEASON PERTAMA",,112,2,@rickhardkeefe3
4/3/2020,Gombalan Kang Santri #santri #kyai #fyp? ... - TikTok,https://www.tiktok.com/@progresiftv/video/7157508599344844059,"... Kang Santri #santri #kyai #fyp? #foryoupage #viral #harisantri #jjsantri #xyzbca #gusali #trending #pesantren"". original sound - Progresif TV.",,832400,6247,@progresiftv
4/3/2020,Fa'alul Limaa Yurid oleh : Kh.Agoes Ali Masyhuri #fyp ... - TikTok,https://www.tiktok.com/@progresiftv/video/7191621346013629701,"801 Likes, TikTok video from Progresif TV (@progresiftv): ""Fa'alul Limaa Yurid oleh : Kh.Agoes Ali Masyhuri #fyp #santri #pesantren #foryourpage ...",,802,7,@progresiftv
11/12/2019,Tabarrukan ke PP. Assunniyyah Kencong Jember - TikTok,https://www.tiktok.com/@amriel_moestof/video/7206260937957887258,Bersama Al-Habib Umar Bin Muhdhor Al-Haddad. dalam rangka Haflah Akhirussanah Pondok Pesantren Darul 'Ulum Sekampung Lampung Timur.,Jember,94,3,@amriel_moestof
6/4/2019,"Baso mang ade, citangtu - garut #kulinergarut #jajanangarut...",https://www.tiktok.com/@jajanangarut_/video/6698582252831444226,"Baso rusuk mang ade, sebrang pesantren persis jalan terusan pembangunan simpang lima, Garut jawa barat.#CallofDragons #jajanangarut",Garut,648,4,@jajanangarut_
4/8/2019,"Baso ceu entok, sawahlega cibatu, Garut #jajanangarut ...",https://www.tiktok.com/@jajanangarut_/video/6677404805897489666,"Baso rusuk mang ade, sebrang pesantren persis jalan terusan pembangunan simpang lima, Garut jawa barat.#CallofDragons #jajanangarut",Garut,3574,26,@jajanangarut_
4/3/2018,Agar warung cepat laris versi Gus Ali #kiai #pesantren #fyp ...,https://www.tiktok.com/@progresiftv/video/7162113552965324058,"2K Likes, 30 Comments. TikTok video from Progresif TV (@progresiftv): ""Agar warung cepat laris versi Gus Ali #kiai #pesantren #fyp? #fyp #foryoupage ...",,1972,30,@progresiftv
