Date,Title,URL,Body ,Location,Likes,Comment,Username
7/20/2023,Hidup lagi cape capenya malah punya temen yang pesantren disana #alzaytun,https://www.tiktok.com/@dalitazka_/video/7257078855414992133,"148.4K Likes, 494 Comments. TikTok video from Dalit Azka (@dalitazka_): ""Hidup lagi cape capenya malah punya temen yg pesantren disana #alzaytun",Indramayu,148400,494,@dalitazka_
7/3/2023,#santripondok #pesantren #idrisiyyah #estehmanisya #mondokpesantren #pov #qna #fyp #santriputra #pesantrenstory #ayomondok #santrifyp,https://www.tiktok.com/@estehmanisya/video/7250822098166304005,"76.1K Likes, 893 Comments. TikTok video from Snikdewi (@estehmanisya): ""#santripondok #pesantren #idrisiyyah #estehmanisya #mondokpesantren",Tasikmalaya,76100,893,@estehmanisya
7/22/2023,anak pesantren,https://www.tiktok.com/@hiwigooagain/video/7258192844345642246,"3.7K Likes, 27 Comments. TikTok video from moormaid ? ??? ? (@hiwigooagain): ""anak pesantren"". suara asli - Parenting Hebat.",,3700,27,@hiwigooagain
7/14/2023,UIN SATU Tulungagung (@uin_satu) - TikTok,https://www.tiktok.com/@uin_satu, UIN SATU Tulungagung (@uin_satu) di TikTok |68.2K Suka.4.1K Pengikut.AKUN RESMI UIN SATU Tulungagung.Tonton video terbaru UIN SATU Tulungagung (@uin_satu).,,68200,4100,@uin_satu
7/10/2023,Pondok Pesantren (Ponpes) Al-Zaytun di Indramayu,https://www.tiktok.com/@kompastvnews/video/7252597363141823762,"69 Likes, TikTok video from Kompas TV (@kompastvnews): ""Pondok Pesantren (Ponpes) Al-Zaytun di Indramayu, Jawa Barat, menjadi polemik…",Indramayu,69,1,@kompastvnews
7/17/2023,Replying to @ig_pineappleeeeee lulusan pesantren mau ...,https://www.tiktok.com/@vmuliana/video/7254916074926263558,"52.5K Likes, 823 Comments. TikTok video from Vina Muliana (@vmuliana): ""Replying to @ig_pineappleeeeee lulusan pesantren mau bikin CV? Gausa…",Jakarta,52500,823,@vmuliana
7/2/2023,Dosen UIN dibantah perkataannya oleh saksi Koordinator NII ...,https://www.tiktok.com/@sedihrianahyadi/video/7251998185105673478,"387.4K Likes, 3.8K Comments. TikTok video from Sedih Rian Ahyadi (@sedihrianahyadi): ""Dosen UIN dibantah perkataannya oleh saksi",Jakarta,387400,3800,@sedihrianahyadi
7/3/2023,Polemik ajaran di Pondok Pesantren Al-Zaytun terus ... - TikTok,https://www.tiktok.com/@cnnindonesia/video/7251466033091972354,pondok pesantren. al zaitun panji gumilang. atas dugaan dua laporan terkait dugaan penistaan agama. ya kita akan tergabung dengan koresponden CNN…,Indramayu,29,0,@cnnindonesia
7/2/2023,Video viral wanita jadi imam salat di pesantren Langkat ...,https://www.tiktok.com/@detikcom/video/7251116381263973638,"88 Likes, TikTok video from detik.com (@detikcom): ""Video viral wanita jadi imam salat di pesantren Langkat ternyata hanya potongan sebuah film di…",Langkat,88,0,@detikcom
7/19/2023,"Pemimpin Pondok Pesantren Al-Zaytun, Panji Gumilang ...",https://www.tiktok.com/@inilahcom/video/7257051905371802881,"40 Likes, TikTok video from Inilah.com (@inilahcom): ""Pemimpin Pondok Pesantren Al-Zaytun, Panji Gumilang mengajak para santrinya untuk",Indramayu,40,0,@inilahcom
7/22/2023,sengcol anak pesantren #scoups #seungcheol #seventeen ...,https://www.tiktok.com/@tatimyscoups/video/7258113142897544453,"34.3K Likes, 126 Comments. TikTok video from Taty Niss (@tatimyscoups): ""sengcol anak pesantren #scoups #seungcheol #seventeen #svtcarat #fyp?",,34300,126,@tatimyscoups
7/10/2023,Rektor UIN Sunan Ampel (UINSA) Surabaya ... - TikTok,https://www.tiktok.com/@uinsa.official/video/7205045857580797211,"68 Likes, TikTok video from uinsa.official (@uinsa.official): ""Rektor UIN Sunan Ampel (UINSA) Surabaya meresmikan lima layanan khusus di Perpustakaan",Surabaya,68,0,@uinsa.official
7/17/2023,Day 3 | Matsama MAN 2 Bantul 2023 - TikTok,https://www.tiktok.com/@man2bantul/video/7255490704497970438,"95 Likes, TikTok video from MAN 2 Bantul (@man2bantul): ""Day 3 | Matsama MAN 2 Bantul 2023",Bantul,95,0,@man2bantul
7/17/2023,Pimpinan Pondok Pesantren (Ponpes) Al Zaytun ... - TikTok,https://www.tiktok.com/@kompastvnews/video/7256340758989425938,"21 Likes, TikTok video from Kompas TV (@kompastvnews): ""Pimpinan Pondok Pesantren (Ponpes) Al Zaytun, Panji Gumilang menanggapi terkait",Indramayu,21,0,@kompastvnews
7/10/2023,RAMADHAN BERBAGI DI YAYASAN PONDOK PESANTREN ...,https://www.tiktok.com/@lantasprobolinggocreator/video/7220362215185026330,"78 Likes, TikTok video from lantasprobolinggocreator (@lantasprobolinggocreator): ""RAMADHAN BERBAGI DI YAYASAN",Probolinggo,78,0,@lantasprobolinggocreator
7/10/2023,Ma'ruf Amin minta Pondok Pesantren Al Zaytun tidak ... - TikTok,https://www.tiktok.com/@alineadotid/video/7252350065992387846,"Justru pemerintah akan membina, serta meluruskan akidah dan pemahaman kebangsaan dalam pesantren yang dipimpin oleh Panji Gumilang itu.",Jakarta,36300,9446,@alineadotid
7/22/2023,Peringatan Tahun Baru Islam 1 Muharam 1445 H di ... - TikTok,https://www.tiktok.com/@pontren_attawazun/video/7258073459014601989,"39 Likes, TikTok video from Pondok Pesantren At-Tawazun ... #islamic #muharam #pesantren #attawazun #kalijatisubang #viral #fyp? #fyp #like"".",Subang,39,0,@pontren_attawazun
7/3/2023,Dua Pesantren Literasi di Jogja yang melahirkan ... - TikTok,https://www.tiktok.com/@dawuhguru.co.id/video/7250834816340380933,"61 Likes, TikTok video from dawuhguru (@dawuhguru.co.id): ""Dua Pesantren Literasi di Jogja yang melahirkan banyak penulis Reportase by",Yogyakarta,61,0,@dawuhguru.co.id
7/10/2023,Top 5 Pondok pesantren terbesar di Indonesia - TikTok,https://www.tiktok.com/@saleh_story/video/7252673327372750085,"473 Likes, 43 Comments. TikTok video from SAD VIBES (@saleh_story): ""Top 5 Pondok pesantren terbesar di Indonesia || Btw Versi top apalagi ni ??",Jakarta,473,43,@saleh_story
7/4/2023,Kasus penistaan agama yang dituduhkan kepada pengasuh ...,https://www.tiktok.com/@tempo.co/video/7251834504808041730,"95 Likes, TikTok video from Tempodotco (@tempo.co): ""Kasus penistaan agama yang dituduhkan kepada pengasuh Pondok Pesantren Al Zaytun",Indramayu,95,0,@tempo.co
7/1/2023,Belum selesai dengan sederet kontroversi Pondok Pesantren ...,https://www.tiktok.com/@tribunpekanbaru/video/7250869827278015746,"TikTok video from Tribun Pekanbaru (@tribunpekanbaru): ""Belum selesai dengan sederet kontroversi Pondok Pesantren (Ponpes) Al Zaytun",Pekanbaru,18,0,@tribunpekanbaru
7/7/2023,pondok pesantren smp vip kemiri - TikTok,https://www.tiktok.com/discover/pondok-pesantren-smp-vip-kemiri,"90 Likes, TikTok video from smpvipkemiri (@smpvipkemiri): ""dunia akhirat dapatt InsyaAllah???? #fyp? #fyp #foryoupage #imtihan #tahfidz #viral ...",Purworjo,90,0,@smpvipkemiri
7/23/2023,"Pimpinan Pondok Pesantren (Ponpes) Al Zaytun, Panji ...",https://www.tiktok.com/@kompastvnews/video/7258850229217283330,"50 Likes, TikTok video from Kompas TV (@kompastvnews): ""Pimpinan Pondok Pesantren (Ponpes) Al Zaytun, Panji Gumilang mencabut gugatan",Jakarta,50,0,@kompastvnews
7/22/2023,"Lewat kuasa hukumnya Hendra Efendi, pimpinan Pondok ...",https://www.tiktok.com/@kompastvnews/video/7258509378574126343,"45 Likes, TikTok video from Kompas TV (@kompastvnews): ""Lewat kuasa hukumnya Hendra Efendi, pimpinan Pondok Pesantren (Ponpes) Al Zaytun",Jakarta,45,0,@kompastvnews
7/21/2023,Peletakan Batu Pertama Pembangunan Pondok Pesantren ...,https://www.tiktok.com/@tni.tv/video/7257111048489078022,"25.6K Likes, 61 Comments. TikTok video from TNI.TV (@tni.tv): ""Peletakan Batu Pertama Pembangunan Pondok Pesantren Jati Diri Bangsa oleh Kapuspen TNI #tnitv ...",Kediri,25600,61,@tni.tv
7/20/2023,Pimpinan Pondok Pesantren Al-Zaytun Panji Gumilang ...,https://www.tiktok.com/@cnnindonesia/video/7251849515714579714,"70 Likes, TikTok video from CNN Indonesia (@cnnindonesia): ""Pimpinan Pondok Pesantren Al-Zaytun Panji Gumilang diperiksa Polisi sebagai saksi.",Jakarta,70,0,@cnnindonesia
7/4/2023,Penanganan kasus dugaan penistaan agama ... - TikTok,https://www.tiktok.com/@pikiranrakyat/video/7251805526655241473,"TikTok video from pikiranrakyat (@pikiranrakyat): ""Penanganan kasus dugaan penistaan agama pengasuh Pondok Pesantren Al Zaytun, Kabupaten",Jakarta,3,0,@pikiranrakyat
7/3/2023,Traweh neng Pondok Pesantren Mamba'ul Hikam ... - TikTok,https://www.tiktok.com/@jelajahmblitar/video/7219681643802447109,"7K Likes, 154 Comments. TikTok video from Jelajah Blitar (@jelajahmblitar): ""Traweh neng Pondok Pesantren Mamba'ul Hikam, Mantenan, Udanawu,",Blitar,7000,154,@jelajahmblitar
7/3/2023,Seblak Jewol Jl. Perjuangan Kota Cirebon (sebelah ... - TikTok,https://www.tiktok.com/@aboutcirebonid/video/7251397131183934725,Seblak Jewol Jl. Perjuangan Kota Cirebon (sebelah barat kampus IAIN Syekh Nurjati/Depan Lab Intibios ) ? Buka setiap hari jam 11.00-21.00 WIB,Cirebon,4661,282,@aboutcirebonid
7/14/2023,Mostafa Atef Barsholawat Bersama Santri Pondok ... - TikTok,https://www.tiktok.com/@dalwatv/video/7254882957423299845,"3.7K Likes, TikTok video from dalwatv (@dalwatv): ""Mostafa Atef Barsholawat Bersama Santri Pondok Pesantren Darullughah Wadda'wah Yuk saling",Pasuruan,3948,18,@dalwatv
7/3/2023,"RICUH USAI PEMERIKSAAN PANJI GUMILANG, Pimpinan ...",https://www.tiktok.com/@bpostonline/video/7251947034750618882,"TikTok video from Banjarmasin Post (@bpostonline): ""RICUH USAI PEMERIKSAAN PANJI GUMILANG, Pimpinan Pondok Pesantren Al Zaytun:",Banjarmasin,0,0,@bpostonline
7/22/2023,pondok pesantren Al Istiqlaliyyah cilongok pasar ... - TikTok,https://www.tiktok.com/@uusq02/video/7200758965263813914,"115 Likes, TikTok video from @wadon_salafy04 (@uusq02): ""pondok pesantren Al Istiqlaliyyah cilongok pasar Kemis #alistiqlaliyahcilongok",Tangerang,115,2,@uusq02
7/20/2023,Ldr jaya jaya jaya #fyp #santri #pondok #pesantren - TikTok,https://www.tiktok.com/@heldadorezzz/video/7224068085639089435,"8.5K Likes, 189 Comments. TikTok video from Helda Doress (@heldadorezzz): ""Ldr jaya jaya jaya #fyp #santri #pondok #pesantren"".",Tasikmalaya,8500,189,@heldadorezzz
5/11/2022,Pondok Pesantren Moderen Man Ana.Kampung ... - TikTok,https://www.tiktok.com/@komunitasmanana/video/7096390018737999131,"125 Likes, TikTok video from pesantren-manana (@komunitasmanana): ""Pondok Pesantren Moderen Man Ana.Kampung Susukan Desa Gunung",Bogor,126,0,@komunitasmanana
7/2/2023,beberapa larangan di mahad uin malang #uinmalang ... - TikTok,https://www.tiktok.com/@apakabbss/video/7251224071428476166,"3.7K Likes, 158 Comments. TikTok video from sohib uin (@apakabbss): ""beberapa larangan di mahad uin malang #uinmalang #uin #kampusuin",Malang,3700,158,@apakabbss
7/24/2023,Menko Polhukam Mahfud MD sampaikan berbagai ... - TikTok,https://www.tiktok.com/@kompastvnews/video/7256278443627793682,"43 Likes, TikTok video from Kompas TV (@kompastvnews): ""Menko Polhukam Mahfud MD sampaikan berbagai pernyataan tentang pimpinan",Jakarta,43,0,@kompastvnews
7/23/2023,Pengen jadi anak pesantren #rudisusanto - TikTok,https://www.tiktok.com/@rudisusanto__/video/7258851897967185158,"24 Likes, TikTok video from Rudisusanto (@rudisusanto__): ""Pengen jadi anak pesantren #rudisusanto"". suara asli - Taufiq .",,24,2,@rudisusanto__
7/12/2023,Sebuah sefruit #santri #pesantren #mondok ... - TikTok,https://www.tiktok.com/@kangfaldo/video/7254879672964500741,"18.6K Likes, 109 Comments. TikTok video from Kang faldo (@kangfaldo): ""Sebuah sefruit #santri #pesantren #mondok #kangfaldo #santriindonesia",,18600,109,@kangfaldo
7/1/2023,Versi vokalis nih #santri #pesantren #mondok ... - TikTok,https://www.tiktok.com/@kangfaldo/video/7250797631562075397,"12.4K Likes, 62 Comments. TikTok video from Kang faldo (@kangfaldo): ""Versi vokalis nih #santri #pesantren #mondok #kangfaldo #santriteladan",,12400,62,@kangfaldo
7/9/2023,Gue yg terakhir #santri #pesantren #mondok ... - TikTok,https://www.tiktok.com/@kangfaldo/video/7253768271797832966,"10.5K Likes, 61 Comments. TikTok video from Kang faldo (@kangfaldo): ""Gue yg terakhir #santri #pesantren #mondok #kangfaldo #santriindonesia",,10500,61,@kangfaldo
7/14/2023,"Pimpinan Pondok Pesantren Al Zaytun, Panji Gumilang ...",https://www.tiktok.com/@tvonenews/video/7255676012627840264,"TikTok video from tvOneNews (@tvonenews): ""Pimpinan Pondok Pesantren Al Zaytun, Panji Gumilang melayangkan gugatan pada Wakil Ketua Umum",Jakarta,6,1,@tvonenews
7/22/2023,PONDOK PESANTREN. AL-FUTUHAT - TikTok,https://www.tiktok.com/@rms24056/video/7258147312797732101,"28 Likes, TikTok video from A Sobari (@rms24056): ""PONDOK PESANTREN. AL-FUTUHAT"". suara asli - A Sobari.",Garut,28,3,@rms24056
7/20/2023,"Guru Besar UIN dukung Panji Gumilang, pemimpin ... - TikTok",https://www.tiktok.com/@nwstdy_/video/7258311028344098053,"TikTok video from NewsToday (@nwstdy_): ""Guru Besar UIN dukung Panji Gumilang, pemimpin Pondok Pesantren Alzaytun #alzaytun",Jakarta,11,0,@nwstdy_
7/13/2023,Masukin pesantren aja kali yah #fyp #foryoupage ... - TikTok,https://www.tiktok.com/@eyongemez/video/7255276486406491398,"2K Likes, 20 Comments. TikTok video from The Leon King (@eyongemez): ""Masukin pesantren aja kali yah #fyp #foryoupage #eyonsayangku",Jakarta,2000,20,@eyongemez
6/27/2023,Pesantren keliling | TikTok,https://www.tiktok.com/@rianbiber/video/7249299846799117573,"TikTok video from Nama bapak gue Zul Bahri (@rianbiber): ""Pesantren ... oh iya lupa. dek pesantren keliling dek wih. mau dong bang. nama",Jakarta,54500,4468,@rianbiber
6/27/2023,"Setelah menuai polemik panjang, kisruh Pondok Pesantren Al ...",https://www.tiktok.com/@cnnindonesia/video/72492041144694,"79 Likes, TikTok video from CNN Indonesia (@cnnindonesia): ""Setelah menuai polemik panjang, kisruh Pondok Pesantren Al Zaytun belum juga",Indramayu,79,0,@cnnindonesia
6/22/2023,Suasana di depan gerbang pondok Pesantren Al Zaytun di ...,https://www.tiktok.com/@cnnindonesia/video/7247340894695755010,"218 Likes, 20 Comments. TikTok video from CNN Indonesia (@cnnindonesia): ""Suasana di depan gerbang pondok Pesantren Al Zaytun",Indramayu,218,20,@cnnindonesia
6/21/2023,Usai unjuk rasa minta pembubarkan Pondok Pesantren Al ...,https://www.tiktok.com/@kompastvnews/video/7247076342813035777,"61 Likes, TikTok video from Kompas TV (@kompastvnews): ""Usai unjuk rasa minta pembubarkan Pondok Pesantren Al Zaytun di Indramayu, Pemerintah",Indramayu,61,11,@kompastvnews
6/19/2023,Pesantren bukan sembarang pesantren #alzaytun ... - TikTok,https://www.tiktok.com/@darisuara/video/7246427789123996933,"228.4K Likes, 7K Comments. TikTok video from Dari Suara (@darisuara): ""Pesantren bukan sembarang pesantren #alzaytun #pesantren #viral"".",Indramayu,228400,7000,@darisuara
6/18/2023,"Santri Al Zaytun, Banyak dari Luar Negeri Klaim Pesantren ...",https://www.tiktok.com/@tribunjabar.id/video/7245867706023644421,dikutip dari tribun jabar ID. pondok pesantren al zaitun merupakan lembaga pendidikan. Islam. yang didirikan oleh yayasan pesantren Indonesia atau.,Indramayu,92,11,@tribunjabar.id
6/28/2023,Pondok Pesantren Al Zaytun Indramayu Jawa Barat ... - TikTok,https://www.tiktok.com/@cnnindonesia/video/7249606220275862789,"170.7K Likes, 13.3K Comments. TikTok video from CNN Indonesia (@cnnindonesia): ""Pondok Pesantren Al Zaytun Indramayu Jawa Barat aka",Indramayu,170700,13300,@cnnindonesia
6/14/2023,Profil Pondok Pesantren Tahfizh dan Entrepreneur Thursina ...,https://www.tiktok.com/@ponpesthursina/video/7244341175405104385,pesantren tahfidz dan entrepreneur tursina. ybm pln adalah pesantren terindah di-dunia. karena dikelilingi indahnya pegunungan. dan perbukitan Nan asri. dan ...,,81,0,@ponpesthursina
6/4/2023,"Pimpinan Pondok Pesantren Al-Zaytun, Indramayu, Panji ...",https://www.tiktok.com/@inilahcom/video/7240809517351570690,"22 Likes, TikTok video from Inilah.com (@inilahcom): ""Pimpinan Pondok Pesantren Al-Zaytun, Indramayu, Panji Gumilang kini makin membuat heboh",Indramayu,22,2,@inilahcom
7/1/2023,"Pemimpin Yayasan dan Pondok Pesantren Al-Zaytun, Panji ...",https://www.tiktok.com/@cnnindonesia/video/7250688784679914757,"3.4K Likes, 331 Comments. TikTok video from CNN Indonesia (@cnnindonesia): ""Pemimpin Yayasan dan Pondok Pesantren Al-Zaytun,",Jakarta,3400,331,@cnnindonesia
6/22/2023,"MUI Panggil Panji Gumilang, Bila Mangkir Pesantren Al ...",https://www.tiktok.com/@wartakotalive.com/video/7247292564427083015,pimpinan pondok pesantren al zaitun. panji gumilang. akan dipanggil majelis ulama Indonesia atau mui. Jawa Barat dalam waktu dekat. pemanggilan ini,Jakarta,486,38,@wartakotalive.com
6/15/2023,"Sambut Pendemo, Pendukung Pesantren Al Zaytun ... - TikTok",https://www.tiktok.com/@wartakotalive.com/video/7244914261577747714,sambut pengunjuk rasa masa. pendukung pondok pesantren atau. ponpes al zaitun. nyanyikan lagu Yahudi hingga goyang dangdut. pada masa tandingan,Jakarta,1507,277,@wartakotalive.com
10/29/2022,Selamat atas terpilihnya Pondok Pesantren Langitan ... - TikTok,https://www.tiktok.com/@menaralangitan/video/7159948847135919387,"335 Likes, TikTok video from Menara Langitan (@menaralangitan): ""Selamat atas terpilihnya Pondok Pesantren Langitan dalam Penganugerahan 'Santri",Jakarta,335,0,@menaralangitan
6/22/2023,Deretan Kontroversi Pondok Pesantren Al-Zaytun ... - TikTok,https://www.tiktok.com/@alineadotid/video/7247436833397738757,"60 Likes, TikTok video from Alineadotid (@alineadotid): ""Deretan Kontroversi Pondok Pesantren Al-Zaytun yang dituding sebarkan 4j4r4n s3s4t.",Indramayu,60,4,@alineadotid
6/16/2023,Ratusan massa menggelar aksi di depan pondok pesantren ...,https://www.tiktok.com/@jpmtelevisi/video/7245262942818553089,di-pondok pesantren al zaitun indramayu. Jawa Barat pada kamis 15 Juni. mereka menuntut. mui dan kementerian agama. agar tegas terkait. dugaan,Indramayu,41,0,@jpmtelevisi
6/7/2023,"Dear, calon mahasiswa baru UIN Bandung, ada salam nih ...",https://www.tiktok.com/@uinsgd.official/video/7241907486658219270,"9.6K Likes, 304 Comments. TikTok video from UIN Sunan Gunung Djati Bandung (@uinsgd.official): ""Dear, calon mahasiswa baru UIN Bandung, ada",Bandung,9600,304,@uinsgd.official
6/29/2023,PANJI GUMILANG AL ZAYTUN mendapatkan dukungan dari ...,https://www.tiktok.com/@muhammadyuri36/video/7249995051827318021,"1.5K Likes, 215 Comments. TikTok video from Muhammad Yuri (@muhammadyuri36): ""PANJI GUMILANG AL ZAYTUN mendapatkan",Bogor,1500,215,@muhammadyuri36
6/22/2023,MUI dan NU tegas menyatakan ajaran ponpes Al-Zaytun ...,https://www.tiktok.com/@metro_tv/video/7247406837958577426,pesantren al zaitun menyimpang dari ajaran Islam. tidak hanya nahdlatul ulama. majelis ulama Indonesia. Kabupaten indramayu pun secara tegas,Indramayu,57700,2077,@metro_tv/
6/26/2023,Inilah beberapa pendapat masyarakat terkait Pondok ... - TikTok,https://www.tiktok.com/@republikaonline/video/7248931906803240197,"139 Likes, TikTok video from Republika (@republikaonline): ""Inilah beberapa pendapat masyarakat terkait Pondok Pesantren Al Zaytun #Alzaytun ...",Indramayu,139,15,@republikaonline
6/28/2023,Debat dosen UIN & kiyai MUI ?? #debat #uin #mui | TikTok,https://www.tiktok.com/@adjieshop/video/7249575946209070341,"202.5K Likes, 16.9K Comments. TikTok video from ADJIESHOP (@adjieshop): ""Debat dosen UIN & kiyai MUI ?? #debat #uin #mui"".",Jakarta,202500,16900,@adjieshop
6/20/2023,"Fasilitas Mewah Ponpes Al-Zaytun, Kebun Super Luas ...",https://www.tiktok.com/@sripoku.com/video/7246587870440475905,hingga galangan kapal. pondok pesantren al zaitun di-indramayu. Jawa Barat menjadi sorotan setelah didemo. masyarakat atas tuduhan aliran sesat,Indramayu,76500,1215,@sripoku.com
6/18/2023,Banyak ujiannya kalau olahraga di kampus 2 uin ke ... - TikTok,https://www.tiktok.com/@tangsel.life/video/7245886665674263814,"3.4K Likes, 150 Comments. TikTok video from Tangsel Life (@tangsel.life): ""Banyak ujiannya kalau olahraga di kampus 2 uin ke Situ Gintung",Tangerang,3400,150,@tangsel.life
6/9/2023,"Ada asrama di dalam kampus? Check this out, guys! - TikTok",https://www.tiktok.com/@uinsgd.official/video/7242715464969899269,Hai kamu keterima di-uin Bandung. dan bingung cari pondok pesantren di-bandung. langsung aja daftar ke mahad al jami'ah. karena fasilitasnya,Bandung,4048,105,@uinsgd.official
6/23/2023,Abang abangan pesantren - TikTok,https://www.tiktok.com/@bachrulalam_/video/7247776612333145350,"315K Likes, 11.8K Comments. TikTok video from Bachrul Alam (@bachrulalam_): ""Abang abangan pesantren"". suara asli - Bachrul Alam.",,315000,11800,@bachrulalam_
6/18/2023,300 Kyai dan Ulama Akan Tentukan Nasib Pesantren Al ...,https://www.tiktok.com/@wartakotalive.com/video/7246037635532213506,pondok pesantren. al zaitun menuai kontroversi di-masyarakat. lantaran. sejumlah ritual yang dianggap menyimpang dari ajaran. Islam misalnya saja,Jawa Barat,2310,128,@wartakotalive.com
6/30/2022,Pondok Pesantren Al-Multazam 2 Sambiroto Sooko ... - TikTok,https://www.tiktok.com/@ponpes_almultazam/video/7115041771557555483,"82 Likes, TikTok video from Pondok Pesantren Al-Multazam (@ponpes_almultazam): ""Pondok Pesantren Al-Multazam 2 Sambiroto",Mojokerto,82,0,@ponpes_almultazam
6/4/2023,Akhirnya Nyobain Es Krim Blepotan Blkng UIN Alhamdulillah ...,https://www.tiktok.com/@daffafalih10/video/7240793578362948869,"2.7K Likes, 55 Comments. TikTok video from Daffafalih04 (@daffafalih10): ""Akhirnya Nyobain Es Krim Blepotan Blkng UIN Alhamdulillah Tambah Rame",Malang,2700,55,@daffafalih10/
6/18/2023,Inilah Akhlaq yang selalu ada di Pesantren Salaf ... - TikTok,https://www.tiktok.com/@nurulcholilonline/video/7245964329089027333,"2.8K Likes, 35 Comments. TikTok video from Pondok Pesantren Nurul Cholil (@nurulcholilonline): ""Inilah Akhlaq yang selalu ada di Pesantren Salaf ...",Bangkalan,2840,35,@nurulcholilonline
6/23/2023,Pondok Pesantren Al-Zaytun kembali mengundang ... - TikTok,https://www.tiktok.com/@inilahcom/video/7247890041379360006,"48 Likes, TikTok video from Inilah.com (@inilahcom): ""Pondok Pesantren Al-Zaytun kembali mengundang sorotan. Sejumlah pihak mulai dari Majelis",Jawa Barat,38,0,@inilahcom
6/15/2023,"Diduga Aliran Sesat, Pondok Pesantren Al Zaytun Dikepung ...",https://www.tiktok.com/@wartakotalive.com/video/7244888746598993160,"339 Likes, 23 Comments. TikTok video from Warta Kota (@wartakotalive.com): ""Diduga Aliran Sesat, Pondok Pesantren Al Zaytun",Indramayu,339,23,@wartakotalive.com
6/28/2023,Belum selesai dengan polemik Pondok Pesantren (Ponpes ...,https://www.tiktok.com/@inilahcom/video/7249665398646361349,Masih belum diketahui di mana lokasi Pesantren Al Kafiyah tersebut. Video tersebut merupakan potongan dari konten di kanal YouTube AL ASHNAF,Sumatera Utara,78,24,@inilahcom
6/23/2023,Setidaknya telah melewati UIN & Pasar Ciputat - TikTok,https://www.tiktok.com/@tangsel.life/video/7247701336945429765,"726 Likes, 32 Comments. TikTok video from Tangsel Life (@tangsel.life): ""Setidaknya telah melewati UIN & Pasar Ciputat #ciputat #ciputattangsel ...",Tangerang,726,32,@tangsel.life
6/28/2023,Debat Cholil Nafis vs Dosen UIN - RAPAT DPR ?? - TikTok,https://www.tiktok.com/@rapat_dpr/video/7249412450955595013,dosen UIN mah babaturan di Panjul ie mah jiga na. 6-28Reply. 1. Today's top videos. @rapat_dpr's videos. recommend-cover.,Jakarta,340,15,@rapat_dpr
6/17/2023,Pimpinan Pesantren Al- Zaytun Panji Gumilang ... - TikTok,https://www.tiktok.com/@tribunpekanbaru/video/7245632466625547527,forum indramayu menggugat. aktivitas pondok pesantren mahed. al zaitun kembali normal. baik karyawan ponpes maupun para pekerja. mulai,Pekanbaru,225,10,@tribunpekanbaru
6/27/2023,Mahfud MD Ada Dugaan Kuat Tindak Pidana di Pesantren Al ...,https://www.tiktok.com/@harapanrakyat.com/video/7249291315702271233,atau badan hukum yang menaungi pondok pesantren. al zaitun indramayu. meski begitu. pemberian sanksi administratif yang dijatuhkan. kepada,Jawa Barat,159,1,@harapanrakyat.com
6/20/2023,Begini Megahnya Al-Zaytun. Pondok Pesantren Panji ... - TikTok,https://www.tiktok.com/@bangkapos/video/7246760009051163911,"45 Likes, TikTok video from Bangka Pos (@bangkapos): ""Begini Megahnya Al-Zaytun. Pondok Pesantren Panji Gumilang, Galangan Kapal, Kebun Luas",Indramayu,47,1,@bangkapos
6/7/2023,Pimpinan pondok pesantren At-Tawazun Abina Dr ... - TikTok,https://www.tiktok.com/@pontren_attawazun/video/7241761745180642565,"Pimpinan pondok pesantren At-Tawazun Abina Dr. KH. Musyfiq Amrullah, Lc, M.Si bersama rombongan Rihlah Ruhiyah santri angkatan 15 (Tsurayya)",Gresik,84,0,@pontren_attawazun
6/23/2023,"AKHIRNYA MENYERAH, PANJI GUMILANG PIMPINAN ...",https://www.tiktok.com/@tribunjambi/video/7247812923899383041,"114 Likes, TikTok video from tribunjambi (@tribunjambi): ""AKHIRNYA MENYERAH, PANJI GUMILANG PIMPINAN PESANTREN AL-ZAYTUN",Jambi,114,4,@tribunjambi
6/22/2023,Kontroversi yang melanda Pesantren Al Zaytun seolah tidak ...,https://www.tiktok.com/@tvonenews/video/7247377633221152001,"694 Likes, 20 Comments. TikTok video from tvOneNews (@tvonenews): ""Kontroversi yang melanda Pesantren Al Zaytun seolah tidak ada habisnya,",Indramayu,694,20,@tvonenews
6/26/2023,Pentol Corah Assegaf jaya Outlet dicampus IAIN buka jam 8 ...,https://www.tiktok.com/@isnan.arifin/video/7248848261077798149,Iain ponorogo. buka dari 8.00 pagi sampai 3.00 sore. siapa nih yang sering beli pentol curah ke sini. beneran woi. setiap harinya tuh bisa. ruame,Ponorogo,6586,221,@isnan.arifin
6/20/2023,UIN Salatiga - TikTok,https://www.tiktok.com/@uin_salatiga/video/7246623169140886789,"288 Likes, TikTok video from UIN Salatiga (@uin_salatiga): ""Assalamualaikum #SahabatUINSalatiga Calon Mahasiswa yang keren itu pantang menyerah!",Salatiga,288,16,@uin_salatiga
6/24/2023,Hari pertama uji coba traffic light perempatan Kp. Utan-UIN ...,https://www.tiktok.com/@tangsel.life/video/7248075835440221445,"36.9K Likes, 1.6K Comments. TikTok video from Tangsel Life (@tangsel.life): ""Hari pertama uji coba traffic light perempatan Kp. Utan-UIN Jakarta.",Tangerang,36900,1600,@tangsel.life
6/22/2023,Cerita Wagub Jabar Saat Berkunjung ke Pondok Pesantren Al ...,https://www.tiktok.com/@tribunkaltim.co/video/7247418245429464327,"45 Likes, TikTok video from Tribunkaltim (@tribunkaltim.co): ""Cerita Wagub Jabar Saat Berkunjung ke Pondok Pesantren Al-Zaytun, Bisa Masuk Meski",Kalimantan Timur,45,14,@tribunkaltim.co
6/17/2023,Santri Mah Beda #pesantren #pondok #santriindonesia ...,https://www.tiktok.com/@assunniyyahofficial/video/7245401374006037765,"786 Likes, TikTok video from Pondok Pesantren Assunniyyah (@assunniyyahofficial): ""Santri Mah Beda #pesantren #pondok",Jember,786,7,@assunniyyahofficial
6/5/2023,Posisi di belakang UIN Raden Fatah Palembang ... - TikTok,https://www.tiktok.com/@reviewmajo/video/7241031692318805254,"817 Likes, 63 Comments. TikTok video from MAJO MAYO PALEMBANG (@reviewmajo): ""Posisi di belakang UIN Raden Fatah Palembang, sudah",Palembang,817,63,@reviewmajo
6/30/2023,Pondok Pesantren (Ponpes) Al Kafiyah belakangan ... - TikTok,https://www.tiktok.com/@generasi_muda_nu/video/7250495400442907909,"162 Likes, 23 Comments. TikTok video from Generasi Muda NU (@generasi_muda_nu): ""Pondok Pesantren (Ponpes) Al Kafiyah belakangan",Sumatera Utara,162,23,@generasi_muda_nu
6/16/2023,Panji Gumilang Semprot Pria Asing yang Masuk ke Pondok ...,https://www.tiktok.com/@wartakotalive.com/video/7245278310249336071,viral video pimpinan pondok pesantren al zaitun. panji gumilang. semprot pria diduga polisi berpakaian preman. diketahui panji gumilang memantau,Indramayu,412,28,@wartakotalive.com
6/24/2023,Pimpinan Pondok Pesantren (Ponpes) Al-Zaytun Panji ...,https://www.tiktok.com/@officialinews/video/7248073348981280007,"4.1K Likes, 302 Comments. TikTok video from OfficialiNews (@officialinews): ""Pimpinan Pondok Pesantren (Ponpes) Al-Zaytun Panji Gumilang akhirnya",Bandung,4100,302,@officialinews
6/10/2023,Ada cerita menarik siang ini di Pondok Pesantren Ar ... - TikTok,https://www.tiktok.com/@sandiuno.official/video/7242991885457820933,"22K Likes, 25 Comments. TikTok video from Sandiaga Uno (@sandiuno.official): ""Ada cerita menarik siang ini di Pondok Pesantren Ar-",Batang,22000,25,@sandiuno.official
6/8/2023,Warga UIN Satu Tulungagung wajib tau nih #fyp ... - TikTok,https://www.tiktok.com/@tulungagungfoodhunter/video/7242186547393531141,"1.8K Likes, 61 Comments. TikTok video from TULUNGAGUNG FOOD HUNTER (@tulungagungfoodhunter): ""Warga UIN Satu Tulungagung wajib",Tulungagung,1800,61,@tulungagungfoodhunter
12/25/2022,Cianjur bersholawat dan doa bersama di pondok pesantren ...,https://www.tiktok.com/@habibalialmadihij/video/7180938638941801755,"1K Likes, TikTok video from Habib ali almadihij (@habibalialmadihij): ""Cianjur bersholawat dan doa bersama di pondok pesantren dar as-shofa Cianjur ...",Cianjur,1010,12,@habibalialmadihij
6/22/2023,"Lagi Viral! Pondok Pesantren Al-Zaytun, Indramayu ... - TikTok",https://www.tiktok.com/@warta_ekonomi/video/7247418252626824454,"47 Likes, TikTok video from Warta Ekonomi (@warta_ekonomi): ""Lagi Viral! Pondok Pesantren Al-Zaytun, Indramayu, Jawa Barat milik Panji Gumilang",Indramayu,47,2,@warta_ekonomi
6/27/2023,Pimpinan Pondok Pesantren Al-Zaytun Panji Gumilang ...,https://www.tiktok.com/@tribunkaltim.co/video/7249280373618756866,"102 Likes, TikTok video from Tribunkaltim (@tribunkaltim.co): ""Pimpinan Pondok Pesantren Al-Zaytun Panji Gumilang kembali dilaporkan ke",Kalimantan Timur,102,0,@tribunkaltim.co
6/22/2023,"Ponpes Al Zaytun Kembali Didemo, Tuntut Pesantren ... - TikTok",https://www.tiktok.com/@bpostonline/video/7247486745510563073,"TikTok video from Banjarmasin Post (@bpostonline): ""Ponpes Al Zaytun Kembali Didemo, Tuntut Pesantren Pimpinan Panji Gumilang Segera Ditutup",Banjarmasin,1,0,@bpostonline
6/24/2023,Pimpinan Pondok Pesantren Al Zaytun Panji Gumilang ...,https://www.tiktok.com/@pikiranrakyat/video/7248134482065214721,"38 Likes, TikTok video from pikiranrakyat (@pikiranrakyat): ""Pimpinan Pondok Pesantren Al Zaytun Panji Gumilang memenuhi panggilan Tim Investigasi",Jawa Barat,38,2,@pikiranrakyat
6/28/2023,Banyak hal di negeri ini lahir dari Pesantren ... - TikTok,https://www.tiktok.com/@majalahtebuireng/video/7249629082760023301,"12.3K Likes, 178 Comments. TikTok video from Majalah Tebuireng (@majalahtebuireng): ""Banyak hal di negeri ini lahir dari Pesantren",Tebuireng,12300,178,@majalahtebuireng
6/16/2023,pantun dari gus Sunni Pondok pesantren Nurul Falah ... - TikTok,https://www.tiktok.com/@elizzamojomanis/video/7245093957867293957,"21 Likes, TikTok video from PP. Al-'Izza Mojomanis (@elizzamojomanis): ""pantun dari gus Sunni Pondok pesantren Nurul Falah Ga mondok Ga",Ngawi,21,0,@elizzamojomanis
6/19/2023,Profil Panji Gumilang Pemimpin Ponpes Al Zaytun ... - TikTok,https://www.tiktok.com/@tribunjateng/video/7246262761527823621,pondok pesantren atau ponpes al zaitun di-kabupaten. indramayu Jawa Barat. menuai sorotan berkat sejumlah kontroversinya. baru-baru ini.,Jawa Tengah,66,0,@tribunjateng
6/28/2023,Pemimpin Yayasan dan Pondok Pesantren Al-Zaytun ... - TikTok,https://www.tiktok.com/@cnnindonesia/video/7249646996380765445,"2.8K Likes, 326 Comments. TikTok video from CNN Indonesia (@cnnindonesia): ""Pemimpin Yayasan dan Pondok Pesantren Al-Zaytun, AS",Jakarta,2800,326,@cnnindonesia
6/29/2023,Momen Sholat Idul Adha Pondok Pesantren Riyadlul ... - TikTok,https://www.tiktok.com/@pp.rijanpacet/video/7249983895024831762,"172 Likes, TikTok video from PP. RIYADLUL JANNAH (@pp.rijanpacet): ""Momen Sholat Idul Adha Pondok Pesantren Riyadlul Jannah",Mojokerto,172,1,@pp.rijanpacet
6/2/2023,Lagi bingung cari pesantren?? Ayo bergabung bersama kami...,https://www.tiktok.com/@menarafajar/video/7239940043291233542,"737 Likes, TikTok video from Pesantren Fajar Dunia (@menarafajar): ""Lagi bingung cari pesantren?? Ayo bergabung bersama kami..."". suara asli -",Bogor,737,2,@menarafajar
5/2/2023,pandangan ust.adi Hidayat tentang pondok pesantren Al ...,https://www.tiktok.com/@adjieshop/video/7228814904512253210,"312.9K Likes, 7.9K Comments. TikTok video from ADJIESHOP (@adjieshop): ""pandangan ust.adi Hidayat tentang pondok pesantren Al zaytun",Indramayu,312900,7900,@adjieshop
5/10/2023,Pondok Pesantren (Ponpes) Al Zaytun kembali tuai ... - TikTok,https://www.tiktok.com/@inilahcom/video/7231516862004186369,"367 Likes, TikTok video from Inilah.com (@inilahcom): ""Pondok Pesantren (Ponpes) Al Zaytun kembali tuai kontroversi. Tersebar video di media sosial",Jakarta,367,11,@inilahcom
5/10/2023,Cara menonton konser Coldplay untuk anak pesantren - TikTok,https://www.tiktok.com/@bachrulalam_/video/7231486721920126235,Cara menonton konser cosplay khusus anak pesantren. pertama datang ke pengasuhan. izin pakai bahasa Arab. ustadz ana seasta izin. kalau ditanya,Jakarta,1400000,9655,@bachrulalam_
5/21/2023,"""Film Pesantren tayang 24 Mei 2023 di @bioskoponlineid, beli ...",https://www.tiktok.com/@madutvnetwork/video/7235442453594017025,"Siap-siap diajak mengenal keseharian para santri Pondok Pesantren Al-Islamy Kebon Jambu Cirebon, salah satu pesantren tradisional yang",Cirebon,51,0,@madutvnetwork
5/8/2023,Di Buka Pendaftaran bagi Santri Baru Pondok Pesantren ...,https://www.tiktok.com/@ismailzamakhsyari/video/7230959951420624155,"3.9K Likes, 330 Comments. TikTok video from Muhammad Ismail Zamakhsyari (@ismailzamakhsyari): ""Di Buka Pendaftaran bagi Santri Baru",Bogor,3900,330,@ismailzamakhsyari
5/30/2023,Pondok Pesantren Al-Madaniyah Jaro Telah Membuka ...,https://www.tiktok.com/@santrijaropers/video/7238773153307118854,"5.5K Likes, 22 Comments. TikTok video from Santri Jaro (@santrijaropers): ""Pondok Pesantren Al-Madaniyah Jaro Telah Membuka Pendaftaran Untuk",Kalimantan Selatan,5500,22,@santrijaropers
5/29/2023,3.060 Calon Mahasiswa Berebut 1.200 Kuota UM-PTKIN di ..,https://www.tiktok.com/@jatimtimes/video/7238524829593275654,uin malang setiap tahunnya selalu bertambah. dalam hal jumlah pendaftar. uin maliki malang mencatat angka. 10.16 peserta yang memilih. untuk kuliah,Malang,63,1,@jatimtimes
5/22/2023,Panduan buat kamu yang mau nonton film Pesantren ... - TikTok,https://www.tiktok.com/@bioskoponlineid/video/7235992872611237125,"... sambil berdonasi, cuma Rp10ribu aja di bioskoponline.com. #Pesantren #TemukanHarapanBaru #FilmPesantren #BioskopOnline"". original sound -",,30,0,@bioskoponlineid
5/27/2023,"Jumlah soal, waktu ujian, dan materi umptkin 2023 ... - TikTok",https://www.tiktok.com/@collegewitherik/video/7237882852187065605,"1.9K Likes, 66 Comments. TikTok video from collegewitherik (@collegewitherik): ""Jumlah soal, waktu ujian, dan materi umptkin 2023 #uin",Depok,1900,66,@collegewitherik
5/1/2023,suara asli - Pondok Pesantren Nurul Cholil - TikTok,https://www.tiktok.com/@nurulcholilonline/video/7228421174198455557,"1.9K Likes, 22 Comments. TikTok video from Pondok Pesantren Nurul Cholil (@nurulcholilonline). suara asli - Pondok Pesantren Nurul Cholil.",Bangkalan,1900,22,@nurulcholilonline
5/4/2023,"Kangen Suasana Pesantren, nih ada salam kapan ... - TikTok",https://www.tiktok.com/@nurulcholilonline/video/7229269389625953541,"1.4K Likes, 31 Comments. TikTok video from Pondok Pesantren Nurul Cholil (@nurulcholilonline): ""Kangen Suasana Pesantren, nih ada salam kapan",Bangkalan,1400,31,@nurulcholilonline
5/31/2023,Baru-baru ini seorang wanita yang juga mahasiswi ... - TikTok,https://www.tiktok.com/@indozone.id/video/7239281390611664136,"471 Likes, TikTok video from INDOZONE (@indozone.id): ""Baru-baru ini seorang wanita yang juga mahasiswi semester 3 UIN SMH Banten, Sri",Banten,471,4,@indozone.id
5/21/2023,Pembinaan santri Baru Pondok Pesantren Nurul Cholil ...,https://www.tiktok.com/@nurulcholilonline/video/7235841941525613830,"2.4K Likes, 31 Comments. TikTok video from Pondok Pesantren Nurul Cholil (@nurulcholilonline): ""Pembinaan santri Baru Pondok Pesantren Nurul",Bangkalan,2400,31,@nurulcholilonline
5/18/2023,DOREMI versi santri MTs Pondok Pesantren Tahfidz ... - TikTok,https://www.tiktok.com/@mtspptqassalaambandung/video/7234710390741929222,"75 Likes, TikTok video from MTS PPTQ ASSALAAM BANDUNG (@mtspptqassalaambandung): ""DOREMI versi santri MTs Pondok Pesantren",Bandung,75,2,@mtspptqassalaambandung
5/28/2023,Selamat merayakan kelulusan dan sampai jumpa di wisuda ...,https://www.tiktok.com/@uinsgd.official/video/7238410941006662918,"6.5K Likes, 178 Comments. TikTok video from UIN Sunan Gunung Djati Bandung (@uinsgd.official): ""Selamat merayakan kelulusan dan sampai",Bandung,6500,178,@uinsgd.official
5/4/2023,"Sosok Gus Musa dan Ning Nafisa, Royal Wedding Penerus ...",https://www.tiktok.com/@sripoku.com/video/7229533223443909889,"258.5K Likes, 2.3K Comments. TikTok video from Sripoku (@sripoku.com): ""Sosok Gus Musa dan Ning Nafisa, Royal Wedding Penerus Pesantren",Magetan,258500,2300,@sripoku.com
5/23/2023,KISAH UAS YG MENDAPATKAN JAGUAR TETAPI ... - TikTok,https://www.tiktok.com/@rizky_aul/video/7236598120140868906,beginilah kisah ustadz abdul somad. yang mendapatkan hadiah mobil jaguar. tetapi dilelang untuk pesantren. uas juga mengatakan bahwa bukan sekali.,Pekanbaru,6021,58,@rizky_aul
5/1/2023,Beberapa waktu lalu Pondok pesantren al zaytun ... - TikTok,https://www.tiktok.com/@tvonenews/video/7228170495730961666,pesantren al zaitun di-indramayu. Jawa Barat kali ini. sejumlah. video beredar memperlihatkan gaya azan di-al zaitun. yang berbeda dari biasanya,Indramayu,2514,252,@tvonenews
5/31/2023,Masih bingung gimana cara beli tiket dan nonton film ... - TikTok,https://www.tiktok.com/@bioskoponlineid/video/7239268873869020421,"33 Likes, TikTok video from Bioskop Online (@bioskoponlineid): ""Masih bingung gimana cara beli tiket dan nonton film Pesantren di Bioskop Online?",,37,0,@bioskoponlineid
5/15/2023,Makan miso sambil nongkrong di depan KFC UIN #kulinerjogja,https://www.tiktok.com/@iniiisansan/video/7233367956418284826,"18.3K Likes, 441 Comments. TikTok video from JAJANYUK (@iniiisansan): ""Makan miso sambil nongkrong di depan KFC UIN #kulinerjogja"". Always",Yogyakarta,18300,441,@iniiisansan
5/15/2023,ngaji bareng santri#pesantren #kerudung - Al-Asran - TikTok,https://www.tiktok.com/@al_asran/video/7233363922710203674,"190 Likes, TikTok video from Al-Asran (@al_asran): ""ngaji bareng santri#pesantren #kerudung"". suara asli - Al-Asran.",Bandung,192,2,@al_asran
5/8/2023,Sedikit demi sedikit #pondok #pesantren #alzaytun #viral,https://www.tiktok.com/@adjieshop/video/7231032969513798938,"TikTok video from ADJIESHOP (@adjieshop): ""Sedikit demi sedikit #pondok #pesantren #alzaytun #viral"". Powerful songs like action movie music -",Indramayu,17000,4852,@adjieshop
5/21/2023,Membangun gereja di dalam Pesantren.?? Toleransi ... - TikTok,https://www.tiktok.com/@kang.k0pi/video/7235580837192830214,"137.9K Likes, 3.5K Comments. TikTok video from Juragan Kopi ? (@kang.k0pi): ""Membangun gereja di dalam Pesantren.?? Toleransi",Indramayu,137900,3500,@kang.k0pi
5/28/2023,Info cetak kartu ujian SPMB UIN Jakarta TA 2022 ... - TikTok,https://www.tiktok.com/@uinjktofficial/video/7097218827611589914,"79 Likes, TikTok video from uinjktofficial (@uinjktofficial): ""Info cetak kartu ujian SPMB UIN Jakarta TA 2022/2023. Monggo di cek yes #sobatuinjkt ...",Tangerang,80,6,@uinjktofficial
5/29/2023,Hilight Wisuda-103 Ayo! Gapai masa depan ... - TikTok,https://www.tiktok.com/@uinsa.official/video/7238431204058336517,"238 Likes, TikTok video from uinsa.official (@uinsa.official): ""Hilight Wisuda-103 Ayo! Gapai masa depan terbaikmu bersama UIN Sunan Ampel Surabay",Surabaya,243,0,@uinsa.official
5/14/2023,Lawak! Giliran lgbt di dalam pesantren diem aja ... - TikTok,https://www.tiktok.com/@allinezad/video/7232982478737132806,"28.8K Likes, 1.4K Comments. TikTok video from Ali Hamza ??? (@allinezad): ""Lawak! Giliran lgbt di dalam pesantren diem aja. Hadehhh… .",Jakarta,28800,1400,@allinezad
5/14/2023,Membalas @lastrimagetan74 Pesantren Lansia Darun Naim ...,https://www.tiktok.com/@gaj_ahmada1/video/7233292245531659547,"17.1K Likes, 2.6K Comments. TikTok video from Ahmad@ (@gaj_ahmada1): ""Membalas @lastrimagetan74 Pesantren Lansia Darun Naim Jonggol",Bogor,17100,2600,@gaj_ahmada1
5/15/2023,"Islah Bahrawi, tokoh radikal-radikul, sebut semua ... - TikTok",https://www.tiktok.com/@arrahmahdaily/video/7233617019634011393,"476 Likes, 486 Comments. TikTok video from Arrahmah Daily (@arrahmahdaily): ""Islah Bahrawi, tokoh radikal-radikul, sebut semua santri",Sidogiri,476,486,@arrahmahdaily
5/18/2023,Pondok Pesantren Bahrul Ulum Gowa #pesantrenbahrululum ...,https://www.tiktok.com/@agustianinur18/video/7234432046880312581,"69 Likes, TikTok video from Agustiani Nur (@agustianinur18): ""Pondok Pesantren Bahrul Ulum Gowa #pesantrenbahrululum",Gowa,69,11,@agustianinur18
5/28/2023,Silaturahmi Orang Tua Wali Santri Pondok Pesantren ... - TikTok,https://www.tiktok.com/@matahari_miftahulhudaii/video/7141270623803706625,"203 Likes, TikTok video from Matahari Miftahul Huda 2 (@matahari_miftahulhudaii): ""Silaturahmi Orang Tua Wali Santri Pondok",Pangandaran,203,2,@matahari_miftahulhudaii
5/2/2023,"Baso rusuk mang ade, sebrang pesantren persis ... - TikTok",https://www.tiktok.com/@jajanangarut_/video/7228813000512261402,"2.5K Likes, 23 Comments. TikTok video from JAJANANGARUT (@jajanangarut_): ""Baso rusuk mang ade, sebrang pesantren persis jalan",Garut,2500,23,@jajanangarut_
5/5/2023,Review lengkap DALWA MALL didalam pondok pesantren ...,https://www.tiktok.com/@myou_aljufri/video/7229647116258364699,"4.1K Likes, 108 Comments. TikTok video from Muhammad Aljufri (@myou_aljufri): ""Review lengkap DALWA MALL didalam pondok pesantren",Pasuruan,4100,108,@myou_aljufri
4/27/2023,Nama Pondok Pesantren Al-Zaytun yang berada di ... - TikTok,https://www.tiktok.com/@inilahcom/video/7226653815188000002,"29.8K Likes, 3.8K Comments. TikTok video from Inilah.com (@inilahcom): ""Nama Pondok Pesantren Al-Zaytun yang berada di daerah Indramayu kini",Indramayu,29800,3800,@inilah.com
4/23/2023,Sholat Idul Fitri di Pesantren Al Zaytun #fyp #fypgakn ... - TikTok,https://www.tiktok.com/@maylbeckreal/video/7225478601636908315,"7.4K Likes, 2.3K Comments. TikTok video from Mayl Beck Real. (@maylbeckreal): ""Sholat Idul Fitri di Pesantren Al Zaytun #fyp #fypgakn",Indramayu,7400,2300,@maybeckreal
4/5/2023,"Sebuah pondok pesantren di Cilacap, memiliki blok ... - TikTok",https://www.tiktok.com/@cnnindonesia/video/7218504993786121474,"86 Likes, TikTok video from CNN Indonesia (@cnnindonesia): ""Sebuah pondok pesantren di Cilacap, memiliki blok khusus untuk menampung",Cilacap,86,1,@cnnindonesia
4/25/2023,Video salatIdul Fitri di Pondok Pesantren Al-Zaytun ... - TikTok,https://www.tiktok.com/@correcto.id/video/7225946629164125467,"133 Likes, TikTok video from Correcto NewsID (@correcto.id): ""Video salatIdul Fitri di Pondok Pesantren Al-Zaytun, Indramayu viral di media sosial.",Jakarta,133,8,@correcto.id
4/25/2023,Salat Jumat 21 April 2023 di Pesantren Megah dan ... - TikTok,https://www.tiktok.com/@durasiid/video/7226028001706675483,"73.3K Likes, 9.2K Comments. TikTok video from durasi.id (@durasiid): ""Salat Jumat 21 April 2023 di Pesantren Megah dan moderen Al Zaytun, Indramayu",Indramayu,73300,9200,@durasiid
4/12/2023,Jangan lewatkan kesempatan ini! Tes Seleksi Santri ... - TikTok,https://www.tiktok.com/@dawuhguru.co.id/video/7221090600978795802,"35 Likes, TikTok video from dawuhguru (@dawuhguru.co.id): ""Jangan lewatkan kesempatan ini! Tes Seleksi Santri Baru Pesantren VIP Bina Insan",Cirebon,35,1,@dawuhguru.co.id
4/16/2023,Jernih Berbagi Pengetahuan Kompas.com di Pesantren ...,https://www.tiktok.com/@kompascom/video/7222906417433283866,"#JernihMelihatDunia #RamadhanJernihBerbagi #Ramadhan #Pesantren #Ramadan #mediasosial #berbagi #serunyabelajar"". Ramadan Kareem -",Bogor,51,0,@kompascom
4/23/2023,MOMEN SHALAT IDUL FITRI DI PESANTREN AL-ZAYTUN ...,https://www.tiktok.com/@rizky_aul/video/7225473577380744491,"82.1K Likes, 3.5K Comments. TikTok video from Rizky Aulia (@rizky_aul): ""MOMEN SHALAT IDUL FITRI DI PESANTREN AL-ZAYTUN MENJADI",Indramayu,82100,3500,@rizky_aul
4/24/2023,"Pondok Pesantren Al-Zaytun, Kabupaten Indramayu ... - TikTok",https://www.tiktok.com/@inilahcom/video/7225579484697742594,"336 Likes, 126 Comments. TikTok video from Inilah.com (@inilahcom): ""Pondok Pesantren Al-Zaytun, Kabupaten Indramayu, Jawa Barat, jadi",Indramayu,336,126,@inilahcom
4/9/2023,dawuhguru “Menaati disiplin hidup yang diajarkan di ... - TikTok,https://www.tiktok.com/@dawuhguru.co.id/video/7219968749267389723,"80 Likes, TikTok video from dawuhguru (@dawuhguru.co.id): ""@dawuhguru “Menaati disiplin hidup yang diajarkan di pesantren memang rasanya",,80,0,@dawuhguru.co.id
4/21/2023,Segenap jajaran pengurus pondok pesantren modern Al ...,https://www.tiktok.com/@radarbojonegoro/video/7224541280699796763,"56 Likes, TikTok video from Radar Bojonegoro (@radarbojonegoro): ""Segenap jajaran pengurus pondok pesantren modern Al Fatimah dan IAI Al",Bojonegoro,56,0,@radarbojonegoro
4/7/2023,Di sekolah pesantren sini @smamda.sidoarjo boleh bawa HP ...,https://www.tiktok.com/@santrimendunia.id/video/7219512036789636378,"169 Likes, TikTok video from Santri Mendunia (@santrimendunia.id): ""Di sekolah pesantren sini @smamda.sidoarjo boleh bawa HP dan Fasilitasnya",Sidoarjo,169,15,@santrimendunia.id
4/3/2023,warmindo atap langit Buka 24 jam Kawasan kampus UIN ...,https://www.tiktok.com/@jajanan_purwokerto/video/7217743384784538907,"1.8K Likes, 64 Comments. TikTok video from jajanan_purwokerto (@jajanan_purwokerto): ""warmindo atap langit Buka 24 jam Kawasan kampus",Purwokerto,1800,64,@jajanan_purwokerto
4/11/2023,Pesantren VIP Bina Insan Mulia 2 Menjawab Tantangan Hari ...,https://www.tiktok.com/@dawuhguru.co.id/video/7220731407860026650,"21 Likes, TikTok video from dawuhguru (@dawuhguru.co.id): ""Pesantren VIP Bina Insan Mulia 2 Menjawab Tantangan Hari ini Dan Kebutuhan Masa Depan",Cirebon,21,0,@dawuhguru.co.id
4/25/2023,Liburan Idul Fitri 1444 H tinggal beberapa hari lagi ... - TikTok,https://www.tiktok.com/@pontren_attawazun/video/7226239176969080091,santri pondok pesantren atawajun. tinggal beberapa hari lagi. kalian akan kembali ke pondok. untuk menuntut ilmu dan juga mencari. ridho guru dan,Subang,144,7,@pontren_attawazun
4/15/2023,Deretan artis yang ternyata jebolan pondok pesantren ...,https://www.tiktok.com/@annasyamarinasari/video/7222185631265410331,"7.9K Likes, 22 Comments. TikTok video from annasya Marinasari (@annasyamarinasari): ""Deretan artis yang ternyata jebolan pondok",,7900,22,@annasyamarinasari
3/21/2023,Bikin merinding? Berkunjung ke salah satu pesantren ... - TikTok,https://www.tiktok.com/@donfajaraditya/video/7212943949185486107,"Berkunjung ke salah satu pesantren yang dikenal angker cirebon #rjl5 #fyp ... #tiktokhorror #pesantren #pesantrencirebon #JurusJituGlowing #viral"".",Cirebon,331200,1991,@donfajaraditya
3/2/2023,Top 7 Pondok Pesantren Yang Memiliki Murid Terbanyak Di ...,https://www.tiktok.com/@sitakimm/video/7170946524506098970,"3.5K Likes, TikTok video from Sitakim (@sitakimm): ""Top 7 Pondok Pesantren Yang Memiliki Murid Terbanyak Di Indonesia #fyp??viral",,3506,0,@sitakimm
3/7/2023,boci nyeblak prasmanan topping terlengkap no 1 di ... - TikTok,https://www.tiktok.com/@balqisrickyla/video/7208073182782295322,ini warga uin ciputat. udah pada tahu belum sih kalau ada seblak dan boci. prasmanan baru buka. topping nya. paling lengkap yang ada di jalan,Tangerang,57500,2299,@balqisrickyla
3/6/2023,Opening ceremony Milad Sidogiri 286 Tahun Pondok ... - TikTok,https://www.tiktok.com/@sidogiri/video/7207614573296340251,slide slide. video ini tujuannya adalah kalian bisa tahu. bagaimana berharganya. kalian. sudah ditakdirkan menjadi santri pondok pesantren.,Sidogiri,7507,85,@sidogiri
3/26/2023,DESAIN PONDOK PESANTREN ELITE DI LEMBANG ... - TikTok,https://www.tiktok.com/@emporioarchitect/video/7215091698521672987,"2.1K Likes, 58 Comments. TikTok video from Emporio Architect (@emporioarchitect): ""DESAIN PONDOK PESANTREN ELITE DI LEMBANG",Lembang,2100,58,@emporioarchitect
3/7/2023,Yakin Gak mau sama Anak santri..?? #santriganteng ... - TikTok,https://www.tiktok.com/@nurulcholilonline/video/7208021216211373339,"TikTok video from Pondok Pesantren Nurul Cholil (@nurulcholilonline): ""Yakin ... #santriganteng #santrikeren #santriidaman #pondok #pesantren #fyp"".",Bangkalan,36500,431,@nurulcholilonline
3/26/2023,Santriwati paling cantik sejagat Pesantren Al-Hikmah ... - TikTok,https://www.tiktok.com/@vidiodotcom/video/7215041439930109210,"2.1K Likes, TikTok video from Vidio (@vidiodotcom): ""Santriwati paling cantik sejagat Pesantren Al-Hikmah nih setuju gak? Namanya Alifah diperankan",Bogor,2100,9,@vidiodotcom
3/15/2023,Lanjut yang koment minta spill santri putri..#pesantren #viral ...,https://www.tiktok.com/@nurulcholilonline/video/7136808866712522010,"1.4K Likes, 38 Comments. TikTok video from Pondok Pesantren Nurul Cholil (@nurulcholilonline): ""Lanjut yang koment minta spill santri putri.",Bangkalan,1400,38,@nurulcholilonline
3/7/2023,"cipung : ""ngapain gue takut masuk pesantren ... - TikTok",https://www.tiktok.com/@_your.feeds/video/7207808966766677254,"1.4M Likes, 1.5K Comments. TikTok video from your.feeds (@_your.feeds): ""cipung : ""ngapain gue takut masuk pesantren"" #rafatharmalikahmad",,1400000,1500,@_your.feeds
3/17/2023,Taujihat Majelis Keluarga Pondok Pesantren Sidogiri ... - TikTok,https://www.tiktok.com/@sidogiri/video/7211728041284816155,"18.6K Likes, 134 Comments. TikTok video from Pondok Pesantren Sidogiri (@sidogiri): ""Taujihat Majelis Keluarga Pondok Pesantren Sidogiri dalam",Sidogiri,18600,134,@sidogiri
3/30/2023,Model Telor Lemak Di Palembang ?? . Model Ini Kesukaan ...,https://www.tiktok.com/@tukangmajo.plg/video/7216591854593150213,Model Ini Kesukaan Mahasiswa Uin Raden Fatah Namonyo Itu “Model Telor Mang Madik” Tapi Aku Galak Nyebut (Model Uin) . ? Buka 10.00 - 18.00 Jl.,Palembang,26400,801,@tukangmajo.plg
3/11/2023,Selamat dan Sukses Harlah Pondok Pesantren Miftahul Ulum ...,https://www.tiktok.com/@universitas_islam_madura/video/7209488982118370587,"315 Likes, TikTok video from Universitas Islam Madura (@universitas_islam_madura): ""Selamat dan Sukses Harlah Pondok",Madura,315,5,@universitas_islam_madura
3/10/2023,suara asli - pondok pesantren Nurul barokah - TikTok,https://www.tiktok.com/music/suara-asli-pondok-pesantren-Nurul-barokah-7209108680267123483,Lagu suara asli - pondok pesantren Nurul barokah ciptaan pondok pesantren Nurul barokah. Tonton video terbaru tentang suara asli - pondok,Majalengka,67,0,@yinuba_media
3/30/2023,"Kenalin nih gengs, santriwati dari pesantren Al Hikmah. Ada ...",https://www.tiktok.com/@vidiodotcom/video/7216570764739235098,"4.2K Likes, TikTok video from Vidio (@vidiodotcom): ""Kenalin nih gengs, santriwati dari pesantren Al Hikmah. Ada Ina Marika sebagai Siti Badiah, ...",Bogor,4200,10,@vidiodotcom
3/30/2023,Panggung Wisuda Tahfidz Quran ke 4 Pondok ... - TikTok,https://www.tiktok.com/@faisolmunif/video/7216411181462867226,"148 Likes, TikTok video from Faisol Munif (@faisolmunif): ""Panggung Wisuda Tahfidz Quran ke 4 Pondok Pesantren Nahdlatut Ta'limiyah",Pamekasan,148,5,@faisolmunif
11/10/2022,Foto wisuda UIN WALISONGO Semarang ... - TikTok,https://www.tiktok.com/@albain_photography/video/7164218176417385755,"109 Likes, TikTok video from Mas Al (@albain_photography): ""Foto wisuda UIN WALISONGO Semarang #wisuda2022 #uinwalisongo",Semarang,109,1,@albain_photography
10/31/2022,Informasi Penerimaan Peserta Didik Baru SMP IT & MA Mr ...,https://www.tiktok.com/@pesantrenmrbob/video/7160584352068422938,"50 Likes, TikTok video from Pesantren Modern Mr.Bob (@pesantrenmrbob): ""Informasi ... #madrasah #smp #sma #fyp? #fyp #reels #2022 #ngaji",Madiun,50,0,@pesantrenmrbob
6/18/2023,Apakah benar Panji gumilang pernah menjadi presiden di ...,https://www.tiktok.com/@hambaalloh1404/video/7245877262808026374,Jawa Barat di-pesantren al zaitun. ia menerapkan sistem pendidikan satu pipa. ... tidak terputus. mulai dari tingkat dasar atau madrasah ibtidaiyah.,Indramayu,2467,173,@hambaalloh1404
9/20/2022,"""Terima kasih atas peran insan media mitra dalam ... - TikTok",https://www.tiktok.com/@uinsu_medan/video/7145262585925930266,"Tanpa kita sadari, peran media patner ini membuat perkembangan UIN SU sangat cepat,"" kata Dr Maraimbang Daulay pada acara Temu Ramah dan",Medan,1751,145,@uinsu_medan
11/19/2022,Selamat Dies Natalis Ke 49 UIN Sumatera Utara Medan 19 ...,https://www.tiktok.com/@uinsu_medan/video/7167522433522617626,Mari kita semarakkan dengan memasang photo terbaik di link twibbon di bawah ini https://twb.nz/dies49uinsu Atau bisa klik link di Bio Jangan lupa tag,Medan,139,2,@uinsu_medan
2/18/2023,Madrasah Aliyah KHAS Kempek mengucapkan ... - TikTok,https://www.tiktok.com/@simakkhaskempek/video/7201372715373088026,"253 Views, TikTok video from MAKHASKEMPEK (@simakkhaskempek): ""Madrasah Aliyah KHAS Kempek mengucapkan Selamat memperingat Isra",Cirebon,14,0,@simakkhaskempek
