Date,Title,URL,Body,location,Likes,Comment
2023-06-27T14:32:32Z,Beda Pendapat! Cholil Nafis Vs Dosen UIN: Siapa Kita Menjustifikasi Al Zaytun Sesat? | tvOne,https://www.youtube.com/watch?v=vXmPrjN9ils,"Catatan Demokrasi, https://www.tvOnenews.com - Beda Pendapat! Cholil Nafis Vs Dosen UIN: Siapa Kita Menjustifikasi Al Zaytun ...",Jakarta,30000,45.095
2023-06-29T06:50:00Z,DEBAT! Dosen UIN Syarif Hidayatullah vs MUI soal Shalat Ala Al Zaytun | Kabar Siang tvOne,https://www.youtube.com/watch?v=DGZFQzPJpTg,"Kabar Siang, https://www.tvOnenews.com - DEBAT! Dosen UIN Syarif Hidayatullah vs MUI soal Shalat Ala Al Zaytun | Kabar ...",Jakarta,1200,2.097
2023-06-23T07:06:56Z,Terbaru! Temuan Penyimpangan dan Masalah Akhlak di Ponpes Al Zaytun #shorts,https://www.youtube.com/watch?v=w0EYAjQrOWk,,Jakarta,36000,304
2023-07-03T10:50:14Z,Dosen UIN soal Kontroversi Al Zaytun: Jangan Ganggu Majelis Hakim | Kabar Petang tvOne,https://www.youtube.com/watch?v=1ZRXSupfHok,"Kabar Petang, https://www.tvOnenews.com - Dosen UIN soal Kontroversi Al Zaytun: Jangan Ganggu Majelis Hakim | Kabar ...",Jakarta,3500,8.065
2023-07-04T14:21:34Z,Dosen UIN Jelaskan Video Viral Panji Gumilang yang Menyebut Al Quran Bukan Kalam Allah | tvOne,https://www.youtube.com/watch?v=z-guLxpLiXM,"Catatan Demokrasi, https://www.tvOnenews.com - Dosen UIN Jelaskan Video Viral Panji Gumilang yang Menyebut Al Quran ...",Jakarta,5700,5433
2023-07-08T03:00:11Z,PENDAFTARAN PONPES AL HIKMAH 2 BENDA PESANTREN BERBASIS NU,https://www.youtube.com/watch?v=vcUbT9vfjVU,Benda #Bumiayu #Brebes.,Brebes,5,0
2023-06-19T13:57:40Z,"Akibat ketahuan saat membawa hp ke pondok pesantren, maka beginilah yang terjadi",https://www.youtube.com/watch?v=NO9tONOaZc4,,,16000,924
2023-05-24T02:47:42Z,Pesantren (Official Trailer) - Tonton di Bioskoponline.com,https://www.youtube.com/watch?v=1lGyuvp5f1E,"Terpilih di Festival Film Dokumenter Terbesar di Dunia, Film Pesantren tayang hari ini di bioskoponline.com! Dari sutradara ...",Cirebon,325,37
2023-06-04T01:00:11Z,Nengokin randika di Pesantren #ceritajekho #karawang,https://www.youtube.com/watch?v=HrnH_YLk2RQ,,Karawang,4900,256
2023-06-21T03:46:19Z,Pesantren Sunan Drajat | Tuan Rumah MQKN 2023,https://www.youtube.com/watch?v=k15HD241aJU,Pesantren Sunan Drajat | Tuan Rumah MQKN 2023 . #pendidikanislam #pendis #pendidikan #pendidikankarakter #madrasah ...,Lamongan,57,3
2023-06-12T17:17:00Z,Subhanallah! inilah 7 Pondok Pesantren terbaik di Jawa Tengah 2023,https://www.youtube.com/watch?v=L0Uh4UuTrgI,Pondok Pesantren di Jawa Tengah merupakan salah satu lembaga pendidikan yang digunakan sebagai tempat untuk menimba ...,,571,30
2023-06-17T17:27:31Z,Cerita Abah Guru Sekumpul Saat Mondok di Pesantren,https://www.youtube.com/watch?v=2vxxUK97r2I,"Cerita Abah Guru Sekumpul Saat Mondok di Pesantren Karena berisikan kumpulan vidio dari pihak manapun sumbernya, Mari ...",Tangerang,2,0
2023-06-21T22:18:05Z,"PPMUI, Alfiyah, Syarah Ibnu Aqil: Hamzah ÿ•ŸÜ Boleh Kasrah &amp; Fathah Bila Terletak ÿ•ÿ∞ÿß ŸÅÿ¨ÿßÿ¶Ÿäÿ© , dsb.(1)",https://www.youtube.com/watch?v=IPCwqW4cZk4,,,0,0
2023-04-30T12:54:16Z,JEPANG RASA PESANTREN,https://www.youtube.com/watch?v=Nb5yejuSBhE,,Jepang,85000,1399
2023-05-13T03:44:44Z,pondok pesantren idaman,https://www.youtube.com/watch?v=kfhl4TSPbCM,pondokpesantren #pesantrentahfidz #santriindonesia.,Tangerang Selatan,17000,34
2023-04-28T04:18:47Z,"HEBOH Lantunan Azan Nyeleneh di Ponpes Al Zaytun Indramayu, Pakai Gerakan dan Membelakangi Kiblat",https://www.youtube.com/watch?v=_mT4Um328xA,beritaterbaru #beritaterkini #beritaviral #live #breakingnews #alzaytun #adzanalzaytun #indramayu #aliran TRIBUN-VIDEO.,Indramayu,37000,9844
2023-05-08T01:00:08Z,Randika pulang ke pesantren #ceritajekho #karawang #drama,https://www.youtube.com/watch?v=IVYC4j-fSXg,,Karawang,8700,804
2023-05-19T02:16:27Z,pengen tau dong fans Randika dari kota mana aja üòò #santri #pesantren #videoshort #karawang,https://www.youtube.com/watch?v=4Q2KJttlYn4,,Karawang,,2447
2023-03-26T11:14:18Z,kakak menangis saat adik menjenguk di pesantren ‚ÄºÔ∏è#nangis #pesantren #santri #adikkakak #shorts,https://www.youtube.com/watch?v=K3gJYrlMapU,,Kaliwungu,22000,382
2023-03-26T10:49:26Z,santri menangis saat orang tua datang menjenguknya ‚ÄºÔ∏è#nangis #santri #sedih #pesantren #shorts,https://www.youtube.com/watch?v=LKEfMrm2RSA,,Kaliwungu,5400,113
2023-03-26T00:30:07Z,santri makan sambil nangis ‚ÄºÔ∏è#nangis #sedih #pesantren #santri #pondok #shorts,https://www.youtube.com/watch?v=IGhEOyTxTXU,,Kaliwungu,37000,1613
2023-03-25T11:29:02Z,adik menangis saat bertemu kakaknya di pesantren ‚ÄºÔ∏è#nangis #sedih #adikkakak #pesantren #shorts,https://www.youtube.com/watch?v=tgpwkgU8cWo,,Kaliwungu,42000,729
2023-03-26T10:49:41Z,santri menangis karena tidak betah di pondok pesantren ‚ÄºÔ∏è#nangis #sedih #pesantren #santri #shorts,https://www.youtube.com/watch?v=cBQwGOihNRM,,Kaliwungu,1500,50
2023-03-07T04:31:26Z,"Tanpa sepengetahuan adik,kakak jenguk adik di pesantren ‚ÄºÔ∏è#adikkakak #momenharu #pondok #shorts",https://www.youtube.com/watch?v=GMTosDsiGqE,,Kaliwungu,260000,3648
2023-03-07T04:40:23Z,ketika kakak jenguk adik di pesantren ‚ÄºÔ∏è#adikkakak #pesantren #momenharu #santri #shorts,https://www.youtube.com/watch?v=bsEtZFzBF4M,,Kaliwungu,74000,2233
2023-03-18T12:00:02Z,JALAN-JALAN KE PONDOK PESANTREN NURUL AZHAR &quot;YAYASAN TABUNG WAKAF UMAT&quot;,https://www.youtube.com/watch?v=2LIzpH7ke5k,Yayasan Tabung Wakaf Umat ...,Pekanbaru,249,21
2023-03-01T12:04:39Z,Cara Menjadi Santri di Pesantren UAH - Ustadz Adi Hidayat,https://www.youtube.com/watch?v=knd61IOysrM,Cara Menjadi Santri di Pesantren UAH - Ustadz Adi Hidayat ...,Bekasi,3900,353
2023-03-18T06:00:11Z,CAMPUS TOUR UIN MALIK IBRAHIM DI MALANG!,https://www.youtube.com/watch?v=JUTTA_fI4Zs,Kali ini aku sedang berada di Universitas Islam Negeri (UIN) Malik Ibrahim Malang. Aku bakal review salah satu kampus islam ...,Malang,315,63
2023-01-26T05:10:03Z,Profil Institut Agama Islam Negeri Madura 2023 - Siap Menuju UIN,https://www.youtube.com/watch?v=7OUs9cLbXjU,"SELAMAT DATANG DI KAMPUS KEAGAMAAN NEGERI Institut Agama Islam Negeri Madura (IAIN MADURA) Kampus Religius, ...",Madura,428,35
2023-02-02T04:38:47Z,MADRASAH MANDIRI BERPRESTASI,https://www.youtube.com/watch?v=pI4UBh07C4o,,Jakarta,897,31
2023-02-11T05:00:02Z,Mafia masuk pesantren !! Eps 2,https://www.youtube.com/watch?v=4LBOZoTrLtc,,,65000,117
2023-01-23T04:36:25Z,PROFIL UIN FATMAWATI SUKARNO BENGKULU 2022,https://www.youtube.com/watch?v=xH0LxHaTpek,"Universitas Islam Negeri Fatmawati Sukarno Bengkulu adalah perguruan tinggi Islam negeri di Kota Bengkulu, Provinsi Bengkulu ...",Bengkulu,90,5
2023-02-10T10:00:06Z,Mafia masuk pesantren !!,https://www.youtube.com/watch?v=E5MCUz6L56I,,,181000,314
2023-01-18T10:00:09Z,Sumbangan ke pesantren !!! Eps 2,https://www.youtube.com/watch?v=HrHjMHSoIgE,,,9900,48
2023-01-03T10:00:29Z,Jadi anak pesantren !! Eps 2,https://www.youtube.com/watch?v=i843YAIT1LY,,,60000,150
2022-12-31T12:00:22Z,7 Pesantren Terbaik di Sukabumi - Jawa Barat ‚ùó,https://www.youtube.com/watch?v=NZVw2-IcH10,"Video Baru : 7 Pesantren Terbaik di Sukabumi - Jawa Barat‚ùó Akhiii dan Ukhtiiii yang udah video ini, jangan lupa Klik Like nya ...",Sukabumi,111,23
2023-01-13T10:16:48Z,"Cantik &amp; Inspiratif, Umi Wahidah Kelola Pesantren Gratis",https://www.youtube.com/watch?v=HdB1vFHbxDo,Umi Wahidah adalah tokoh perempuan inspiratif. Ia mengelola pondok pesantren secara gratis dan memiliki ribuan santri.,Bogor,1700,212
2023-01-03T05:00:12Z,Jadi anak pesantren !!,https://www.youtube.com/watch?v=LM6pFu9ztxg,,,102000,134
2022-12-06T12:00:24Z,7 Pesantren Terbaik di Medan - Sumatera Utara ‚ùó,https://www.youtube.com/watch?v=jMAwmCjoXzQ,"video baru : 7 Pesantren Terbaik di Medan - Provinsi Sumatera Utara‚ùó Akhiii dan Ukhtiiii yang udah video ini, jangan lupa Klik ...",Medan,100,14
2022-12-16T00:54:47Z,Profil Pondok Pesantren Al Muayyad Mangkuyudan Surakarta (2022),https://www.youtube.com/watch?v=owEs7_PHGaY,,Surakarta,311,8
2022-12-21T12:00:18Z,9 Pesantren Terbaik di Tasikmalaya - Jawa Barat‚ùó,https://www.youtube.com/watch?v=_P7Jj0JKUUs,"Video Baru : 9 Pesantren Terbaik di Tasikmalaya - Jawa Barat‚ùó Akhiii dan Ukhtiiii yang udah video ini, jangan lupa Klik Like nya ...",Tasikmalaya,103,15
2022-11-27T16:34:29Z,PESANTREN ROCK N ROLL SEASON 3 EPS 01,https://www.youtube.com/watch?v=wHKDD73sZzE,,,4000,175
2022-12-06T07:47:48Z,Santri Ponpes Langitan Saat Berangkat sholat jum&#39;at #santri #pesantren #beranda #youtubeshorts,https://www.youtube.com/watch?v=e1uvEO5NSN8,,Tuban,,14
2022-11-09T10:03:59Z,SMPIT FIBS - SMA FIBBIS PESANTREN TAHFIZH FITRAH INSANI CIMAUNG - BANDUNG,https://www.youtube.com/watch?v=lDXuIrvwGq8,PESANTREN TAHFIZH FITRAH INSANI CIMAUNG - BANDUNG Mohon dukungannya ya teman2 dengan cara like share ...,Bandung,252,107
2022-10-29T09:01:18Z,CAMPUS TOUR UIN SUNAN KALIJAGA,https://www.youtube.com/watch?v=HUtVFIhL7UE,Oh ya bagi kalian aku bakal sering banget buka kesempatan untuk kalian ikut bangun channel ini dengan cara ngasih ide atau ...,Yogyakarta,1300,144
2022-10-25T09:00:33Z,4 Pondok Pesantren Termewah Di Indonesia #shorts #islam #pondok #pondokpesantren #ponpes #pesantren,https://www.youtube.com/watch?v=kCPwqPm0-Zc,"4 Pondok Pesantren Termewah Di Indonesia #shorts #islam #pondok #pondokpesantren #ponpes #pesantren Jangan lupa Like, ...",,1400,3
2022-11-07T05:00:32Z,Mafia masuk pesantren !!! Eps 2,https://www.youtube.com/watch?v=yWnFMxFBnPU,,,67000,185
2022-11-20T12:00:04Z,‚≠ï LAUNDRY SANTRI PESANTREN PROFIT BERSIHNYA 30 JUTA PER BULAN‚ùó Pesantren Modern Al-Muttaqien,https://www.youtube.com/watch?v=4cR1rIhxuAY,LAUNDRY SANTRI PESANTREN MODERN AL-MUTTAQIEN BALIKPAPAN INI MENJADI PERCONTOHAN PESANTREN DI ...,Balikpapan,122,51
2022-09-30T23:05:00Z,5 PESANTREN TERMAHAL DI INDONESIA,https://www.youtube.com/watch?v=ARAMJ6eDvlU,Tertarik buat sekolah di pesantren ini guys? Download stockbit : https://linkto.stockbit.com/L9u5/SamuelChrist300922 ...,,29000,304
2022-10-12T13:10:23Z,"PULANG DARI PESANTREN,ANA INA LUPA DAN SH0CK LIAT RUMAH SENDIRI !!!",https://www.youtube.com/watch?v=K7r-IKkMynM,pesantren #islamic #dehakimsstory yaayy...akhirnya sikembar bisa pulang dan kumpul lagi bareng2. eh tapi kok malah jadi kaget ...,Bekasi,23000,680
2022-10-12T06:58:34Z,Ingin Mondok di Yogyakarta? Inilah 7 Pondok Pesantren terbaik di Yogyakarta,https://www.youtube.com/watch?v=DLwGQBZpvpU,Yogyakarta adalah sebuah daerah di Pulau Jawa yang masih memegang teguh tradisi kesultanan. Kesultanan Yogyakarta ...,Yogyakarta,420,147
2022-10-22T06:40:00Z,Pertanyaan 7 : Berapa Biaya SPP santri Pesantren Nurul Azhar 1 ?,https://www.youtube.com/watch?v=Hb02mh51zgw,Yayasan Tabung Wakaf Umat ...,Pekanbaru,170,36
2022-10-06T04:30:30Z,Profil UIN Alauddin Makassar 2022,https://www.youtube.com/watch?v=jiWT4loXPZU,,Makassar,232,9
2022-09-22T12:19:58Z,(S02E01) UI vs. UIN: UIN tanya UI Emang Bisanya Apa? | Tes Wawasan Kebangsaan,https://www.youtube.com/watch?v=VCRhVLz8K6Q,"Presiden Gen - Z ikutan TWK?! Episode perdana TWK Season 2, mahasiswa dari UNIVERSITAS INDONESIA melawan ...",Jakarta,51000,2383
2022-09-06T05:00:01Z,Misteri di pesantren !!! Eps 2,https://www.youtube.com/watch?v=3qePQFGybXY,,,100000,392
2022-08-30T13:24:55Z,Kenapa Kuliah di IAIN Syekh Nurjati Cirebon?,https://www.youtube.com/watch?v=HChyYaQqWEo,wawancara MABA IAIN yang masih polos.,Cirebon,43,10
2022-09-05T10:00:31Z,Misteri di pesantren !!!,https://www.youtube.com/watch?v=fZB48jo2x28,,,154000,137
2022-09-14T23:41:04Z,Profil Singkat PP. Salafiyah Parappe &amp; Program Bisnis Pesantren 2022,https://www.youtube.com/watch?v=vcS0gvorAoo,,Sulawesi Barat,302,13
2022-07-27T12:07:29Z,momen haru saat santri bertemu ibu viral di Tik-tok ‚ÄºÔ∏è‚ÄºÔ∏è‚ÄºÔ∏è#anaksholeh #pesantren #ibu #shorts,https://www.youtube.com/watch?v=Xfq46PPUXCI,eskrim #neneknenek #m2utarachannel.,Kaliwungu,10000,337
2022-07-28T05:57:57Z,anak gadis cantik menangis karena ingin pulang ‚ÄºÔ∏è‚ùì#cewekcantik #pesantren #menangis #sedih #shorts,https://www.youtube.com/watch?v=hH0FdXdwedE,tni #abdinegara #papua #premam #m2utarachannel.,Kaliwungu,70000,4698
2022-08-04T11:36:33Z,10 PESANTREN INI TERBAIK DI INDONESIA!! PONDOKNYA MEGAH DAN MEWAH,https://www.youtube.com/watch?v=-z78dW-tXbw,"BUAT KALIAN YANG SUKA BERLAJAR DENGAN SUASANA AGAMA ISLAM YANG SANGAT KENTAL, GW RASA VIDEO INI ...",,3300,596
2022-08-15T03:00:32Z,TASYI VLOG : TOUR KELILING PESANTREN DAN MASAK BESAR SUPER SERU BUAT SANTRI !,https://www.youtube.com/watch?v=zF_E10_B10I,"Hai ini dia vlog aku jalan-jalan ke Sukabumi, seru banget loh aku disana masakinn untuk santri santri jugaa! tonton yaa biar aku ...",Jakarta,58000,3790
2022-08-03T01:00:10Z,INILAH PESANTREN TERBESAR DI INDONESIA üò±,https://www.youtube.com/watch?v=NbR-pxTlgGE,,Diponorogo,21000,330
2022-08-08T04:28:14Z,CIRI CIRI PESANTREN NAHDLATUL ULAMA NU,https://www.youtube.com/watch?v=5NbRaLDz64c,"Mari ngaji masalah pendidikan agama islam bersama Ust. M.Munawar Said, M.Pd (Dosen UIN Salatiga dan Pengasuh Pesantren ...",Salatiga,66,9
2022-07-04T10:48:25Z,momen haru saat santriwati bertemu bapak viral di Tik-tok ‚ÄºÔ∏è#santriwati #pesantren #ayah #shorts,https://www.youtube.com/watch?v=COqQFGtmJtg,santri #adabsantri #pesantren #kyai #akhlak.,Kaliwungu,66000,1079
2022-06-30T14:14:52Z,LIMA PENYEBAB SANTRI GAGAL DI PONDOK PESANTREN,https://www.youtube.com/watch?v=B91jg4aaHog,"mari ngaji masalah pendidikan agama islam bersama Ust. M.Munawar Said, M.Pd (Dosen IAIN Salatiga dan Pengasuh ...",Salatiga,88,23
2022-07-04T10:53:24Z,momen haru saat gadis cantik hendak mondok di pesantren viral di Tik-tok ‚ÄºÔ∏è#pesantren #haru #shorts,https://www.youtube.com/watch?v=mjTNm0D1oRA,santri #adabsantri #pesantren #kyai #akhlak.,Kaliwungu,200000,1723
2022-07-20T05:00:12Z,Cabut dari pesantren ?? Eps 2,https://www.youtube.com/watch?v=OKCHKSZL3eQ,,,76000,343
2022-07-17T01:15:57Z,MARKONAH MASUK PESANTREN - BALQIS MADU EPISODE 120,https://www.youtube.com/watch?v=K9o9v94d_F4,halo assalamu'alaikum teman teman kali ini Balqis madu membuat film pendek yang berjudul MARKONAH masuk pesantren ...,,8000,264
2022-06-08T13:00:59Z,PROFIL KAMPUS IAIN KERINCI 2022,https://www.youtube.com/watch?v=Qa1TrVQV2CE,IAIN KERINCI MEMPUNYAI 4 FAKULTAS DENGAN PRODI YANG TERAKREDITASI. 1.FAKULTAS SYARIAH DENGAN 2 ...,Jambi,40,4
2022-06-04T07:32:32Z,PESANTREN GRATIS DI INDONESIA //PESANTRENPEDIA,https://www.youtube.com/watch?v=Hs1OSBCyy54,Alhamdulillah kita bisa upload kembali pesantren gratis yang ada di Indonesia.. ini tidak banyak yang kita bagikan pesantren ...,,500,75
2022-06-26T11:32:26Z,Keren ! Inilah 7 Pondok Pesantren Tertua di Indonesia,https://www.youtube.com/watch?v=z6gjKyHtfOM,"Perkembangan Islam di Nusantara, tidak dapat dipisahkan dengan Pondok pesantren. pondok Pesantren adalah benteng utama ...",,157,47
2022-06-12T17:03:45Z,Profil Singkat Pesantren Terpadu Qoshrul Muhajirin,https://www.youtube.com/watch?v=vd5Rp5Hv5Dg,,Tasikmalaya,177,6
2022-06-03T14:12:58Z,PESANTREN AKREDITASI UNIVERSITAS ISLAM MADINAH DENGAN BIAYA TERJANGKAU @kasisolusi,https://www.youtube.com/watch?v=PwLOpXwFnkw,Solusi buat anda yang mencari pondok pesantren yang memperoleh Akreditasi Universitas Islam Madinah dengan biaya ...,Sragen,183,55
2022-06-18T13:10:38Z,PERBEDAAN !! ANAK PESANTREN DAN ANAK SEKOLAH !! USTADZ ABDUL SOMAD #shorts #viral #uas,https://www.youtube.com/watch?v=YhDoAP8apmw,,,,5
2022-05-12T00:46:35Z,SEKILAS PROFIL UIN Prof. KH. Saifuddin Zuhri Purwokerto | UIN SAIZU,https://www.youtube.com/watch?v=6zeiJFS0C8k,SEKILAS PROFIL UIN Prof. KH. Saifuddin Zuhri Purwokerto | UIN SAIZU . Penasaran dengan uin saizu purwokerto yuk simak ...,Purwokerto,132,
2022-05-11T09:00:12Z,CAMPUS PROFILE || IAIN SALATIGA || 2022,https://www.youtube.com/watch?v=T2oGWINfGrg,IAINSalatiga #VideoProfile #CampusProfile #2022 #KuliahdiIAINSalatiga #MahasiswaBaru Visi yang besar dimulai dari ...,Salatiga,197,8
2022-05-18T12:00:19Z,3 Pesantren Terbaik di Batam [PART 1],https://www.youtube.com/watch?v=LMdKORjymoQ,Assalamu'alaikum Akhii dan Ukhtiiii Yuk simak 3 pesantren terbaik di batam ini.,Batam,149,27
2022-05-14T12:00:11Z,3 Pesantren Terbaik di Padang [PART 1],https://www.youtube.com/watch?v=RO0Zs36pjPg,"Akhi dan Ukhtiii Di video yang lalu kita telah membahas tentang 2 Pesantren terbaik di Pekanbaru, nah sekarang kita akan ...",Padang,35,
2022-05-16T09:56:58Z,SANTRI PESANTREN ABI YANG BIKIN NGAKAK PART 1,https://www.youtube.com/watch?v=mCHIR_mrItY,,,9400,100
2022-04-01T04:18:48Z,PROFIL MA&#39;HAD AL JAMI&#39;AH UIN KHAS JEMBER 2022,https://www.youtube.com/watch?v=X9iuuiRilF0,,Jember,167,20
2022-04-24T22:30:02Z,Ustadz Ilham Humaidi Niat Memondok kan anak Sekolah Di Pesantren,https://www.youtube.com/watch?v=XUCMA9G4TH0,Ustadz Ilham Humaidi Pengajian di Mesjid Sabilal Muhtadin Banjarmasin ================================== Versi ...,Banjarmasin,757,27
2022-04-03T01:45:00Z,"BILANG KE MAMA MASUKIN BOCIL KE PESANTREN!!! DIA SAMPAI NANGIS KEJER, SEDIH BANGET!!!",https://www.youtube.com/watch?v=Bp0GOh_iRhE,Subscribe Gratis! : https://goo.gl/VJnZ1S ‚ñª Likes & Share Jika Kalian Suka :) ‚ñª Follow Instagram Gratis!,,83000,4854
2022-04-07T07:02:25Z,Íï• [Ccp] Sakura School Simulator || Masuk Pondok Pesantren || Sad story,https://www.youtube.com/watch?v=_r_tLmEvqpY,,,585000,2352
2022-04-25T08:16:16Z,Profil Ma&#39;had al-Jami&#39;ah UIN Raden Intan Lampung,https://www.youtube.com/watch?v=0hgvUZHqrYQ,Assalamualaikum Warahmatullahi Wabarakatuh Hai Mahasiswa Baru UIN Raden Intan Lampung. Selamat atas kelulusan seleksi ...,Lampung,141,30
2022-03-21T03:36:42Z,TIPS MEMAJUKAN MADRASAH - BERSAMA KEPALA MIN 3 TANGSEL - PODCAST PESAN PAGI #EPISODE02,https://www.youtube.com/watch?v=xWYddJLEnXM,"Madrasah unggul dan berprestasi tidak muncul secara tiba-tiba, tapi melalui serangkaian proses yang harus dilewati.",Tangerang Selatan,211,25
2022-03-07T15:25:07Z,"Pondok Pesantren Kelasik Favorite Masyarakat Lombok, Abul Barokat Wannafahat NWDI Bunkate",https://www.youtube.com/watch?v=BHNEMmA-dGw,Video singkat ini memperkenalkan sekilas suasana PONDOK PESANTREN ABUL BAROKATI WANNAFAHAT NAHDLATUL ...,Lombok,201,27
2022-03-16T01:18:21Z,CALON BIDADARI SYURGA #santri #akhwat #cadar #niqab #pesantren #muslimah  #hijrah #wanitabercadar,https://www.youtube.com/watch?v=KHzMWYOwQ0o,Para santriwati Ma'had Zaid bin Tsabit bangka tengah kepulauan bangka belitung. selain prestasi penngahafal al quran Dan ...,Lampung,1900,56
2022-03-20T10:23:17Z,film ISLAMI 2022 || Maling Pesantren Jadi USTADZ KONDANG #filmislami,https://www.youtube.com/watch?v=ZREaQI_b5dw,film islami Indonesia Syamsul si tokoh utama ialah seorang yang sangat senang dengan tantangan. Sifat itu mendorong ia ...,,34000,1885
2022-03-18T23:21:39Z,Sejaran Pondok Pesantren  Daar el-Qolam Gintung Jayanti Tangerang,https://www.youtube.com/watch?v=NXFo-HWjuUs,SERI KE-21 | VIRTUAL TOUR PESANTREN MAJALAH GONTOR #5 VIRTUAL TOUR PESANTREN MG - PONDOK PESANTREN ...,Tangerang,17,
2022-03-03T17:55:55Z,Pondok Pesantren yang mengajarkan qiraah sab&#39;ah atau &#39;asyroh di indonesia,https://www.youtube.com/watch?v=dvSOmYmixfE,DAFTAR NAMA PONDOK PESANTREN YANG MENGAJARKAN QIRA'AH SAB'AH ATAU 'ASYRAH DI INDONESIA 1.,Jawa,16,0
2022-02-09T14:23:27Z,IAIN Lhokseumawe &quot;Kampus Peradaban&quot; - 2022,https://www.youtube.com/watch?v=V8VCHBbpSLI,Institut Agama Islam Negeri (IAIN) hadir sebagai salah satu kampus keagamaan di bumi malikussaleh. IAIN Lhokseumawe terus ...,Aceh,59,3
2022-02-07T06:24:18Z,PROFIL MADRASAH ALIYAH MU&#39;ALLIMIN NW ANJANI,https://www.youtube.com/watch?v=PzHm4wWApfo,Madrasah Aliyah Mu'allimin NW Anjani Adalah Salah Satu Lembaga Pendidikan Formal Yang Bernaung Di Bawah Yayasan ...,Lombok,353,35
2022-02-11T04:20:54Z,Profil Lulusan Setiap Prodi di IAIN Langsa,https://www.youtube.com/watch?v=jQbjjJ6C66E,Seperti apa profil lulusan setiap prodi di IAIN Langsa? simak sampai selesai ya.,Langsa,65,8
2022-01-31T13:26:37Z,Hukuman Santri Jika Membawa HP üòÇ | #shorts #santriwati #santri #pesantren,https://www.youtube.com/watch?v=4NWlmcVQNMc,,,998,136
2022-02-22T02:04:39Z,MEMBUAT PONDOK PESANTREN,https://www.youtube.com/watch?v=JbRbk-3Pp8g,,,398000,4643
2022-02-18T06:06:41Z,"PERBEDAAN SISTEM PONDOK PESANTREN TAHFIDZ QUR&#39;AN, MODERN DAN SALAFI | PESANTREN KEREN",https://www.youtube.com/watch?v=jx43AsfQJao,"PERBEDAAN SISTEM PONDOK PESANTREN TAHFIDZ QUR'AN, MODERN DAN SALAFI | PESANTREN KEREN . Pembicara ...",Depok,211,16
2022-02-15T03:00:01Z,10 JENIS PONDOK PESANTREN DI INDONESIA ORANG TUA JANGAN SALAH PILIH PONDOK!!,https://www.youtube.com/watch?v=aLC3idIviNg,"Selamat datang di UBAY DC. Channel ini membahas seputar Islamic Parenting, Info Pondok Pesantren, Pendidikan Islam, Daily ...",Lirboyo,13,0
2022-01-02T12:00:28Z,3 Pesantren Terbaik di Provinsi Nusa Tenggara Barat,https://www.youtube.com/watch?v=dFR-g3mSScg,yuk simak videonya.,Nusa Tenggara Barat,117,
2022-01-13T12:00:24Z,3 Pesantren Terbaik di Provinsi Sulawesi Selatan,https://www.youtube.com/watch?v=tcCJjzWmb_4,"Akhii dan Ukhtiiii, di video ini kita akan membahas tentang 3 pesantren terbaik di Sulawesi Selatan. Yuk simak videonya sampai ...",Sulawesi Selatan,169,14
2022-01-12T12:00:22Z,3 Pesantren Terbaik di Provinsi Sulawesi Barat,https://www.youtube.com/watch?v=gDeS5C7F0Xw,"Akhiii dan Ukhtiiii, di Video ini kita akan membahas tentang 3 pesantren terbaik di Provinsi Sulawesi Barat. Yuk simak videonya ...",Sulawesi Barat,58,
2022-01-14T12:00:32Z,3 Pesantren Terbaik di Provinsi Sulawesi Tenggara,https://www.youtube.com/watch?v=_CZD0OX8EwQ,"Akhii dan Ukhtiiii, di video ini kita akan membahas tentang 3 pesantren terbaik di Provinsi Sulawesi Tenggara. Yuk simak ...",Sulawesi Tenggara,96,20
2022-01-10T01:11:43Z,Pesantren Baitul Arqom,https://www.youtube.com/watch?v=MCdjQzlHfcU,hallo teman-teman sekalian di vidio kali ini Baby AL sedang berkunjung ke pasantren Baitul arqom kita lihat yuk video ...,Bandung,641,123
2021-12-20T14:54:20Z,Kroscek Lokasi Pesantren Herry Wirawan Predator Santriwati | Fakta tvOne,https://www.youtube.com/watch?v=Dhz50O_9BKQ,"Jakarta, https://www.tvOnenews.com - Korban perkosaan Herry Wirawan bertambah menjadi 21 orang. Aksi bejat terhadap ...",Jakarta,5100,1169
2021-12-11T05:54:12Z,Keterangan Orang Tua Santriwati yang Anaknya Menjadi Korban Perkosaan Guru Pesantren Hingga Hamil,https://www.youtube.com/watch?v=mZh01zdIF_o,"Jakarta, https://www.tvOnenews.com - Keterangan Orang Tua Santriwati yang Anaknya Menjadi Korban Perkosaan Guru ...",Jakarta,7500,4822
2021-12-15T02:00:29Z,PESANTREN GAIB - Menjemput Yang Hampir Mati | Cerita Horor #386 Lapak Horor,https://www.youtube.com/watch?v=zNmQeiLzUU0,Kisah tentang seorang pemuda pesantren yang tiba-tiba berada di suatu yang tidak dia kenal yang konon itu adalah sisi lain dari ...,,2900,769
2021-12-28T12:00:34Z,3 Pesantren Terbaik di Provinsi Bali,https://www.youtube.com/watch?v=yupvYACq5Eg,Nah di video ini kita akan membahas tentang 3 Pesantren terbaik di Pulau Dewata nih gaesssss..... Yuk simak videonya sampai ...,Bali,47,22
2021-12-23T12:30:06Z,KOK BISA GINI?? RAMAI-RAMAI MENCARI TEMAN PESANTREN-KU BERAKHIR DENGAN TRAGIS #OMMAMAT,https://www.youtube.com/watch?v=LcWul6YmIy0,Jangan lupa follow Instagram kita : - https://www.instagram.com/therealadhitya/ - https://www.instagram.com/rjl5.official/ ...,,30000,2292
2021-12-25T12:00:21Z,3 Pesantren Terbaik di Provinsi Jawa Tengah,https://www.youtube.com/watch?v=mqJV9rbTRJc,"Assalamu'alaikum warahmatullahi wabarakatuh Akhiii dan Ukhtiii ‚ò∫ Masih dengan tema yang sama, kali ini kita akan kembali ...",Jawa Tengah,63,
2021-11-10T11:00:17Z,KOCAK! Guru Bule Nekat Masuk Pondok Pesantren - Muridnya Cewek Semua? !!,https://www.youtube.com/watch?v=ir_4M2CetDw,Pertama kalinya Londokampung masuk Pondok Pesantren menjadi guru tamu bahasa Inggris. Kaget ternyata di kelasnya cuman ...,Gresik,115000,9056
2021-11-05T04:11:13Z,Syair krasan mondok | Pondok Pesantren Siril Asror,https://www.youtube.com/watch?v=FQem8r7Zd0Q,Pondok pesantren adalah konsep lembaga pendidikan tertua dan efektif di Indonesia. Berbagai pesantren memvisualisasikan ...,Magelang,181,
2021-11-09T06:43:18Z,Update Proses Pembangunan Pesantren AIIS - Ustadz Adi Hidayat,https://www.youtube.com/watch?v=KU7Vj_sOSTY,Alhamdulillah saat ini menginformasikan update Pembangunan Untuk Pesantren AIIS ( Akhyar International islamic School ) ...,Bekasi,10000,1257
2021-11-02T07:52:10Z,Profil Singkat UIN Syarif Hidayatullah Jakarta,https://www.youtube.com/watch?v=asW0L4L7mLM,UINJKT #VideoProfil Kunjungi juga: Website: https://www.uinjkt.ac.id/id/ Instagram: https://instagram.com/uinjktofficial/ Facebook: ...,Tangerang,,50
2021-11-07T05:37:54Z,REVIEW PESANTREN | DARI KAJIAN RUTIN HINGGA BISA MENDIRIKAN PONDOK PESANTREN DARUL SUNNAH AL-ATSARY,https://www.youtube.com/watch?v=LEBRQaHRWUU,Pesantren Darul Sunnah Al-Atsary adalah salah satu dari banyaknya pondok pesantren yang mengajarkan pendidikan agama ...,Bekasi,139,44
2021-10-11T09:42:28Z,DEBAT PANAS | IAIN AMBON VS UIN MAKASSAR | POROS PTKIN SE-INTIM 2021,https://www.youtube.com/watch?v=hAGWZKJLkcs,DEBAT KONSTITUSI ANTARA TIM IAIN AMBON vs TIM UIN MAKASSAR dalam ajang POROS PTKIN SE-INTIM 2021 | PARTAI ...,Ambon,123,8
2021-10-10T20:25:43Z,SELAYANG PANDANG PONDOK PESANTREN BUDI GUNA,https://www.youtube.com/watch?v=jKnyScOX3xo,,Bogor,114,8
2021-10-21T12:00:15Z,PRIHATIN !!! SANTRI DI PESANTREN INI HANYA MAKAN BALA - BALA !!,https://www.youtube.com/watch?v=poFstyv1N3k,"Yuk Manfaatkan Chanel Youtube Ini menjadi sarana investasi akhirat, Caranya Sangat Mudah, Hanya dengan Klik Link berikut ...",Bogor,463,36
2021-10-15T11:47:25Z,Liburan Maulid | Pesan Kiai Nasih untuk Santri Pondok Pesantren Syaichona Moh. Cholil Bangkalan.,https://www.youtube.com/watch?v=O93wZN8s1t4,,Madura,329,12
2021-10-02T06:00:16Z,KAMPUS INI PUNYA PESANTREN SENDIRI! - UNIVERSITAS ISLAM SULTAN AGUNG (UNISSULA) CAMPUS TOUR,https://www.youtube.com/watch?v=mApAqnBu_YQ,"Di video kali ini aku mau ajak kalian untuk Tur keliling Kampus UNISSULA (@unissula ), Salah satu universitas dengan akreditasi ...",Semarang,1800,246
2021-09-16T11:47:04Z,10 KAMPUS UIN TERBAIK DI INDONESIA!!,https://www.youtube.com/watch?v=ZApTfbInVQs,Ranking Universitas Islam Negeri (UIN) Terbaik Versi Webometrics WEB KAMPUS UIN : https://www.uinjkt.ac.id/ (Jakarta) ...,,4800,649
2021-09-29T03:57:40Z,KAMPUS ASRI UIN ALAUDDIN MAKASSAR : Dari Cita Jadi Nyata,https://www.youtube.com/watch?v=hdju5ZT8eKo,Kampus Asri adalah Pancacita Non-Akademik pertama yang diusung di era kepemimpinan Rektor Prof Hamdan Juhannis.,Makassar,568,34
2021-09-14T04:34:45Z,Pesantren Favorite dan Indah || ICBS Payakumbuh (Insan Cendekia Boarding School),https://www.youtube.com/watch?v=gkH2dht9ciY,Telah dibuka pendaftaran Santri Baru tahun Pelajaran 2022/2023. PPDB ICBS Lokasi di Kota Payakumbuh dan Erea Wisata ...,Sumatera Barat,187,
2021-09-03T19:22:42Z,"mengenal sosok pendiri pesantren MUSTHAFAWIYAH purba baru MANDAILING NATAL, SUMATERA UTARA",https://www.youtube.com/watch?v=URy_R0euiwY,tujuan video ini untuk mengenang jasa para syekh pendahulu kita. apabila ada kesalahan dalam penulisan kata dan alur cerita ...,Sumatera Utara,57,0
2021-09-14T02:42:52Z,Kejutan Untuk Anak Tercinta Di Pondok Pesantren,https://www.youtube.com/watch?v=emdjhmhtx28,sholawat #bantusubscribe #trending10 #santri.,,741,48
2021-08-06T06:00:16Z,BIKIN BETAH MONDOK! Inilah 10 Pondok Pesantren Termewah di Indonesia Bak Hotel Berbintang,https://www.youtube.com/watch?v=TBt2iinlCUM,Pondok pesantren menjadi salah satu pilihan orang tua untuk memberikan pendidikan kepada anaknya. Selain karena lebih ...,Bogor,4600,379
2021-08-08T12:00:14Z,CINTA DIGERBANG PESANTREN ( SHORT MOVIE ),https://www.youtube.com/watch?v=Vx_f1QNy08A,TGP South area Present CINTA DI GERBANG PESANTREN Cast : IMAM - Mamnun Arumi - Yossi V. Gheasanta ANNA - Kurnia ...,Tegal,3000,274
2021-08-03T08:31:11Z,Mars Universitas Islam Negeri Sayyid Ali Rahmatullah (UIN SATU) Tulungagung,https://www.youtube.com/watch?v=unXUKCOaiKI,Mars UIN SATU Tulungagung.,Tulungagung,1500,35
2021-08-01T09:14:18Z,üò≠ Kangen Mondok | DUNIA PESANTREN (Cover) | Khanifah Khani,https://www.youtube.com/watch?v=kFUiDAkOVKw,Title : Dunia Pesantren (Cover) Dipopulerkan Oleh : Annasidusofah Bangkalan madura Singer : Khani Arr : Fathur & HaneefLa ...,Lamongan,1400,352
2021-08-09T06:02:06Z,Ayo Mondok! di Daarul Qur&#39;an - Pesantren Tahfizh Daarul Qur&#39;an Tangerang Official Profile Video 2021,https://www.youtube.com/watch?v=nkf4930BuLo,Pesantren Tahfizh Daarul Qur'an berkomitmen memberikan pendidikan terbaik demi terwujudnya Dream Daqu 5 Benua.,Tangerang,888,102
2021-07-07T09:00:14Z,PROFIL PONDOK PESANTREN MIFTAKHURROSYIDIN DALAM RANGKA MEMPERINGATI HARI SANTRI NASIONAL 2020,https://www.youtube.com/watch?v=QxnrI7E9PJM,"Pondok Pesantren Miftakhurrosyidin Pengasuh : K.H. Tohir Muhlasin Jl. Tentara Genie Pelajar, Cekelan, Madureso, Temanggung ...",Temanggung,245,20
2021-07-17T11:53:05Z,"INILAH 7 PONDOK PESANTREN TERBAIK DI INDONESIA 2022, JANGAN SALAH PILIH!",https://www.youtube.com/watch?v=lzOGgZ5BEVE,Follow INSTAGRAM Agra Media disini: https://www.instagram.com/agramedia.id/ Di video kali ini kita akan mengulas 7 pesantren ...,Ponorogo,496,60
2021-07-04T09:59:42Z,Tips Apa Saja yang Harus di Bawa Ke Pondok Pesantren || Santri Putri ||  SAZ,https://www.youtube.com/watch?v=kOVFuekQhyw,Tips Apa Saja yang Harus di Bawa Ke Pondok Pesantren Santri Putri? ada beberapa hal yang harus di persiapkan sebelum kita ...,,850,131
2021-07-30T08:48:18Z,SANTRI KECIL ITUPUN KABUR DARI PESANTREN ADDZIMAT DA&#39;I INDONESIA,https://www.youtube.com/watch?v=fUBUuUOyCdE,santri ini bernama ikhsan kls 1 SD dia seorang anak yatim yg dititipkan utk menjadi santri di Ponpes ADDZIMAT DAI INDONESIA ...,Bandung,1500,324
2021-07-10T06:30:08Z,Suasana Santri Baru Makan Di Pesantren,https://www.youtube.com/watch?v=ebzRpUw9xR0,jangan lupa subscribe like coment & share #santriindonesia #santri.,Karawang,5100,459
2021-06-10T21:03:29Z,5 PONDOK PESANTREN TERBAIK DI MADURA | Anak Santri Wajib tau ini,https://www.youtube.com/watch?v=U99UajmpB2E,"Pondok Pesantren adalah system pendidikan yang sudah ada sebelum indonesia merdeka, khususnya dimadura. Nah kali ini n5 ...",Madura,746,93
2021-06-08T08:08:39Z,Profil Institut Agama Islam Negeri (IAIN) Batusangkar,https://www.youtube.com/watch?v=ztru2oFwal8,,Sumatera Barat,178,5
2021-06-04T13:06:17Z,Suasana Pondok Pesantren Terbesar Di Aceh | Dayah MUDI Mesra Samalanga,https://www.youtube.com/watch?v=RbdiRYrSgKA,"Suasana pesantren terbesar di aceh Yaitu Dayah MUDI Mesra Samalanga, kabupaten Bireun, Provinsi Aceh. Terimakasih atas ...",Aceh,252,9
2021-06-09T13:04:14Z,Profil IAIN Lhokseumawe - 2021,https://www.youtube.com/watch?v=gKOnQRWxkVo,"Institut Agama Islam Negeri (IAIN) Lhokseumawe - Kampus Peradaban. Dengan mengusung visi ""Menjadi Perguruan Tinggi ...",Aceh,180,8
2021-06-11T11:51:42Z,Juara II Film Pendek Madrasah | 1798 - MAN 4 JOMBANG,https://www.youtube.com/watch?v=HEhRzX9Y_vU,Pengumuman Pemenang Madrasah Vlog Competition dan Lomba Film Pendek Madrasah Tahun 2021 bisa dilihat di ...,Jombang,823,81
2021-06-17T06:53:21Z,"PERBEDAAN PESANTREN MODERN, SALAF, TAHFIDZ DAN SALAF MODERN || HARUS TAHU SEBELUM MONDOK !!!!",https://www.youtube.com/watch?v=jlaXyKsidME,"PERBEDAAN PESANTREN MODERN, SALAF, TAHFIDZ DAN SALAF MODERN || HARUS TAHU SEBELUM MONDOK !",Kediri,270,22
2021-05-20T10:32:34Z,Pengenalan Pesantren Baru,https://www.youtube.com/watch?v=dBFa7IMA1y4,Pesantren An-Naba Center adalah lembaga pendidikan khusus yang menangani santri-santri dan orang dewasa yang baru ...,Tangerang Selatan,753,105
2021-06-01T02:28:50Z,"IAIN Resmi Jadi UIN Kiai Haji Achmad Siddiq, Program Studi dan Fakultas Umum Akan Dibuka",https://www.youtube.com/watch?v=U4VrAuCw0aI,"JEMBER, KOMPAS.TV - Institut Agama Islam Negeri atau IAIN Jember Jawa Timur resmi menjadi Universitas Islam Negeri Kiai ...",Jember,496,50
2021-06-01T03:05:47Z,Juara I Madrasah Vlog Competition 2021 | 1314 - MI KHADIJAH KOTA MALANG - NAJABAH NUMA HIDAJATULLAH,https://www.youtube.com/watch?v=Akum4b8LCD4,MadrasahVlogCompetition2021 #AyoBelajarDiMadrasah.,Malang,732,39
2021-05-23T00:47:09Z,COMPANY PROFIL PONDOK PESANTREN AL-MACHFUDZOH,https://www.youtube.com/watch?v=DDCLF9NQvs4,Penasaran dengan Pondok Pesantren Roudhotul Mutaallimat 3 AL MACHFUDZOH..!!! Company Profile PP. Al-Machfudzoh akan ...,Sidoarjo,233,59
2021-05-13T01:03:04Z,Rela beraya di madrasah; bekas pengedar dadah takut tergelincir lagi masuk lubuk dosa,https://www.youtube.com/watch?v=jAmET3E8kB8,"Pernah masuk penjara kerana penyeluduhan dadah, namun Abdul Rahman tidak insaf, sehinggalah beliau melangkah masuk ...",Jenagor,31,1
2021-04-08T13:03:37Z,"Sangat Kompak, Para Pesantren Buka Bersama Bareng - Kun Anta",https://www.youtube.com/watch?v=Imx_sDqOFQc,Subscribe MNCTV Official Youtube Channel http://bit.ly/24Ev2fo Follow our social media - Twitter http://bit.ly/2fOu5Ps - Facebook ...,,4900,144
2021-04-21T08:15:19Z,"KERJA SAMBIL NYANTRI, KONSEP PESANTREN INI WAJIB DITIRU",https://www.youtube.com/watch?v=6DFAKMihNxs,Pesantren Karyawan dan Profesi Darussalam Kp. Cimahi RT 08 RW 03 Ds. Wanakerta. Kec Bungursari. Kab. Purwakarta Bank ...,Purwakarta,846,161
2021-04-06T00:54:35Z,Pak Bhabin SIDAK KAMPUS UIN Walisongo Semarang,https://www.youtube.com/watch?v=NHlpl_fplgw,Hay generasi masa depan! Masih bingung mau daftar kuliah kemana? #GabungUINWalisongo aja yes! Keren kampusnya ...,Semarang,2700,178
2021-04-09T13:07:29Z,Keseruan Buka Bersama Anak Anak Pesantren - Kun Anta,https://www.youtube.com/watch?v=G8qNA6ClnXw,Anak Anak Pesantren buka Bersama dengan pak ustadz. Subscribe MNCTV Official Youtube Channel http://bit.ly/24Ev2fo Follow ...,,376,8
2021-05-02T06:00:14Z,Pesta Pemilihan Ketua Pondok Pesantren Kun Anta- Kun Anta Mendadak Santri,https://www.youtube.com/watch?v=kDAcdVU77I4,Haekal yang baru saja kembali dari berpetualang bersama trio Halus langsung disibukkan dengan acara pemilihan ketua ...,,1800,89
2021-03-22T15:18:57Z,SEJARAH SINGKAT DAN FAKTA MADRASAH,https://www.youtube.com/watch?v=21xdyvpjZSY,"Sejarah singkat berdirinya Kementerian Agama dan Madrasah di Indonesia, dan seputar mengenai apa itu Madrasah ...",Cianjur,183,25
2021-03-07T14:24:55Z,10 UIN TERBAIK DI INDONESIA 2021,https://www.youtube.com/watch?v=Ix1dKeze-M8,"Universitas Islam Negeri (UIN) merupakan pengembangan dari Institut Agama Islam Negeri (IAIN). Jika semula, seperti namanya ...",,369,66
2021-03-30T01:38:16Z,KEGIATAN 24 JAM DI PESANTREN MODERN TERPADU (PMT) PROF. DR. HAMKA II PADANG,https://www.youtube.com/watch?v=Il4KRFjm0Ao,Aktivitas santri selama 24 jam di Pesantren Modern Terpadu (PMT) Prof. DR. HAMKA II Padang telah dirangkum dalam video ini.,Padang,646,61
2021-03-21T06:54:57Z,H-1 Merayap Pesantren Musthafawiyah Purba Baru - Lagu Alumni Paling Populer,https://www.youtube.com/watch?v=qXGiXYCGAvI,,Sumatera Utara,2700,312
2021-04-02T14:59:14Z,Mars IAIN Ponorogo,https://www.youtube.com/watch?v=OI_X_bYcKRI,IAIN Ponorogo adalah Satu-satunya Perguruan Tinggi Negeri di Karesidenan Madiun. Yang berlokasi di Jln. Pramuka No.,Ponorogo,200,1
2021-02-10T05:59:54Z,Profil UIN Walisongo Semarang 2021 - IMPP UINWS,https://www.youtube.com/watch?v=wv1ChD49rk0,"Dikarenakan adanya pandemi Covid-19 yang mengakibatkan tidak bisa mengambil footage secara langsung dikampus, ada ...",Semarang,523,41
2021-02-07T11:46:56Z,6 PESANTREN TERMEWAH DAN TERBAIK DI INDONESIA !! ANAK USTAD WAJIB SEKOLAH DISINI,https://www.youtube.com/watch?v=OxO7YF7Zb4Q,"BUAT KALIAN YANG SUKA BERLAJAR DENGAN SUASANA AGAMA ISLAM YANG SANGAT KENTAL, GW RASA VIDEO INI ...",,34000,3275
2021-02-14T03:11:07Z,5 PONDOK PESANTREN TERBAIK DI GARUT // PESANTRENPEDIA,https://www.youtube.com/watch?v=PouhavOWCZQ,Alhamdulillah kita sudah upload lagi untuk 5 Pesantren terbaik di Garut.. semoga bermanfaat yahh.. jangan lupa like komen and ...,Garut,350,
2021-02-10T09:01:21Z,IAIN PONOROGO MEMBUKA PENDAFTARAN MAHASISWA BARU 2021,https://www.youtube.com/watch?v=eCKvRFjxPKA,pmb.iainponorogo.co.id.,Ponorogo,88,3
2021-02-10T05:13:03Z,6 PONDOK PESANTREN TERBAIK DI BANDUNG // PESANTRENPEDIA,https://www.youtube.com/watch?v=D4mm3i9WzUE,Pesantren terbaik di Bandung Semoga bermanfaat Jangan lupa like komen and subscribe yah.,Bandung,,
2021-02-27T00:59:09Z,5 PERBEDAAN PENDIDIKAN PESANTREN DGN SEKOLAH UMUM,https://www.youtube.com/watch?v=_8vJnh0tbYo,"5 Perbedaan Pendidikan Pesantren dengan Sekolah Umum, Sudah Tahu? Pastinya kalian sudah tidak asing lagi kan dengan ...",,54,15
2021-01-13T02:41:12Z,"KIP KULIAH DI PTKIN UIN, IAIN, STAIN",https://www.youtube.com/watch?v=JL15dwD58QU,Bergabung dan berlanggan dengan channel dibidikmisicom untuk mendapatkan akses ke berbagai keuntungan: ...,Jakarta,1200,205
2021-02-01T22:34:18Z,5 PESANTREN TAHFIDZ GRATIS DIJAKARTA // BERSIH BERPRESTASI,https://www.youtube.com/watch?v=4t-K1WlNIHI,Alhamdulillah dengan mengenalkan 5 pesantren Tahfidz gratis di jakarta ini makin banyak yang mau menghafal alquran dan ...,Jakarta,1100,145
2021-01-25T01:02:16Z,Profil Singkat Pondok Pesantren Al - ittifaq || H Dandan M Falah,https://www.youtube.com/watch?v=_tJhWSLqqAY,Pondok Pesantren Al-Ittifaq terletak di sebelah selatan kota Bandung tepatnya di kampung Ciburial Rt. 02/10 Desa Alam Endah ...,Bandung,227,15
2021-01-25T09:48:28Z,"PESANTREN DI TENGAH SAWAH, DAMAI DAN ASRI JAUH DARI KEBISINGAN",https://www.youtube.com/watch?v=-eXhlStziPU,"Ponpes AL-QODAR, Berada di Kp SANDING, KEC. GARUT KOTA, JAWA BARAT #tempatpalingtenang #rumahtengahsawah ...",Garut,1700,578
2021-01-31T22:25:42Z,10 Pondok Pesantren Terbaik dan Terbesar di Indonesia,https://www.youtube.com/watch?v=qxEQYsyI9VM,"trastvLampung- 10 pondok pesantren terbaik dan terbesar di indonesia, bisa menjadi referensi anda semua untuk memondokan ...",Lampung,153,21
2020-12-08T05:22:04Z,Profil dan Fasilitas Program Studi PGMI IAIN Padangsidimpuan,https://www.youtube.com/watch?v=84b9NP7YZic,Berikut Profil dan Fasilitas Program Studi Pendidikan Guru Madrasah Ibtidaiyah Institut Agama Islam Negeri Padangsidimpuan.,Sumatera Utara,147,3
2020-12-04T05:36:21Z,Video Profil IAIN Fattahul Muluk Papua - 2020,https://www.youtube.com/watch?v=9a1DZNh72Xs,"Video Profil Kampus Institut Agama Islam Negeri (IAIN) Fattahul Muluk Papua - Tahun 2020 Jl. Merah Putih, Buper Waena, Kota ...",Papua,160,10
2020-12-26T12:00:10Z,Profil Pesantren As-Shidqu 2021,https://www.youtube.com/watch?v=hMriuK-WS2A,Pesantren As-Shidqu adalah salah satu lembaga pendidikan Islam Terpadu (Boarding School) yang berada di wilayah ...,Kuningan,655,38
2020-12-24T08:34:42Z,Penampakan Pesantren Milik Habib Rizieq Shihab yang Disomasi PTPN untuk Dikosongkan dalam 7 Hari,https://www.youtube.com/watch?v=0VM8c6uFhwo,TRIBUN-VIDEO.COM - PT Perkebunan Nusantara VIII meminta Pesantren Alam Agrokultural Markas Syariah yang dikelola Habib ...,Bogor,2600,4529
2020-12-30T12:58:02Z,"Tanzimul Ummah Hifz Madrasah, Madhabdi Branch ||TUHM- MDB || 2021 ||  ‡¶≠‡¶æ‡¶∞‡ßç‡¶§‡¶ø ‡¶ö‡¶≤‡¶õ‡ßá ! ||",https://www.youtube.com/watch?v=j9Iw1Z5dPOA,"Tanzimul Ummah Hifz Madrasah, Madhabdi Branch ||TUHM-MDB || 2021 || ‡¶≠‡¶æ‡¶∞‡ßç‡¶§‡¶ø ‡¶ö‡¶≤‡¶õ‡ßá ! ||",,234,13
2020-11-16T09:04:30Z,PROFIL IAIN PAREPARE 2020 (OFFICIAL),https://www.youtube.com/watch?v=a1qjKMCiS2M,LK CHANNEL - Video Profil IAIN Parepare 2020 adalah hasil penelitian mahasiswa KPI yang bernama Suharsono dengan judul ...,Sulawesi Selatan,154,8
2020-11-18T02:24:32Z,MasyaAllah !! Pesantren Ini Menggunakan Kurikulum Timur Tengah - Ust Hafidz Abdurrahman,https://www.youtube.com/watch?v=OAwqaJOiezo,Jika kita melihat besarnya nama sekolah Al-Azhar Kairo tentu tidak ujug-ujug dibangun dan besar. Tapi didalamnya hadir visi ...,,1300,107
2020-11-19T00:41:58Z,pesantren gontor,https://www.youtube.com/watch?v=SpvI_yPPMEU,,Ponorogo,15000,291
2020-11-20T09:14:43Z,Mars Guru Madrasah - Najwa Fatimatuzzahro &amp; Ahmad Fadhil,https://www.youtube.com/watch?v=bWSyRirGpnc,Lomba Cover Mars Guru Madrasah yang diselenggarakan oleh GTK Madrasah dalam rangka Hari Guru Nasional Tahun 2020 ...,Kebumen,1800,190
2020-11-19T08:22:45Z,MAU TAHU JENIS PAKAIAN YANG DIPAKAI SANTRIWATI DI PESANTREN? CHECK!,https://www.youtube.com/watch?v=7mKv2YQiVTw,"Jangan Lupa Subscribe, Like, Comment, and Share ========================= Media Sosial Indah Defriyanti Instagram ...",Garut,3500,312
2020-10-17T14:43:04Z,GROUP MA&#39;HAD AL JAMI&#39;AH IAIN TERNATE - IAIN TERNATE | Mughrom,https://www.youtube.com/watch?v=MozhOJdsKSQ,Video Lomba Cover Sholawat 2020 dalam rangka memperiahkan Hari Santri Nasional Tahun 2020. Lomba Cover Sholawat ini ...,Ternate,1400,114
2020-10-27T01:27:11Z,"Tak Disangka, 10 Artis Indonesia ini Ternyata Lulusan Pesantren. Siapa Aja‚ÅâÔ∏è",https://www.youtube.com/watch?v=QTKnM_a7CvI,"Siapa sangka, banyak artis Indonesia yang kini berkarier di dunia hiburan dulunya adalah lulusan pondok pesantren.",,45,10
2020-10-21T03:49:00Z,Pesantren Jadi Tempat Rehabilitasi Anak-anak Pecandu Narkoba,https://www.youtube.com/watch?v=xu51rnU6feQ,"SUMENEP, KOMPAS.TV - Anak-anak pecandu narkoba di Kabupaten Sumenep Jawa Timur tak lagi diproses secara hukum.",Sumenep,352,54
2020-10-25T05:00:13Z,ASHANTY SHOCK!! PUTRA dan AULIA DIKELUARKAN DARI PESANTREN!!,https://www.youtube.com/watch?v=jxCC9RoI8Cc,Ashanty lagi liburan di Bali tiba-tiba Putra dan Aulia ingin video call dengan Ashanty. Mengabarkan keadaan Putra dan Aulia ...,,33000,1643
2020-11-02T14:14:55Z,Profil Prodi Ilmu Qur&#39;an dan Tafsir UIN Mataram,https://www.youtube.com/watch?v=dwSY8Yi0lnA,Ilmu Qur'an dan Tafsir Fakultas Ushuluddin dan Studi Agama UIN Mataram.,Nusa Tenggara Barat,175,7
2020-09-12T08:41:13Z,Profil Kampus IAIN Kediri,https://www.youtube.com/watch?v=OF4ZdK-u-dQ,,Kediri,175,4
2020-09-24T13:41:59Z,"Ricuh Wisuda Online IAIN Syekh Nurjati Cirebon, Begini Protes Mahasiswa",https://www.youtube.com/watch?v=KN7pTHKyLWM,"CIREBON, KOMPAS.TV - Wisuda online di Institut Agama Islam Negeri Syekh Nurjati Cirebon, Jawa Barat, berlangsung ricuh.",Cirebon,384,316
2020-09-22T12:12:13Z,"PROFILE PONDOK PESANTREN MODERN AL-HASSAN - Prof. Dr. KH. Ahmad Satori Ismail, MA",https://www.youtube.com/watch?v=bxzWI4MN01U,,Bekasi,82,3
2020-09-27T07:45:23Z,Suasana Makan Santri Putra Pesantren Tahfizh Azhar Centre,https://www.youtube.com/watch?v=tB3sK4O80zs,CHANEL INI MILIK PESANTREN TAHFIZ AZHAR CENTRE LABURA CHANEL INI AKAN TEMPAT BERBAGI AKTIVITAS DAN ...,Sumatera Utara,127,6
2020-09-23T01:27:50Z,"PROFIL UIN SUNAN GUNUNG DJATI BANDUNG, KAMPUS UNGGUL DAN KOMPETITIF",https://www.youtube.com/watch?v=yprwfSH4h9c,"Menembus jendela mega di balik pegunungan tanah Sunda, berdiri sebuah perguruan tinggi Islam yang menyemai calon-calon ...",Bandung,2500,153
2020-08-24T08:52:18Z,Keuntungan Kuliah Di PTKIN di UIN IAIN STAIN(Perguruan Tinggi Keagamaan Islam Negri),https://www.youtube.com/watch?v=pjMvuRFvZD8,Buat kalian yang suka banget belajar di Lingkungan Islam PTKIN adalah tempat itu... dengan mata kuliah agama dan relasi ...,Salatiga,107,59
2020-09-04T10:15:10Z,MADRASAH SHOULATIYAH TEMPAT BELAJAR PARA TOKOH&amp;ULAMA2 BESAR INDONESIA DI KOTA MAKKAH,https://www.youtube.com/watch?v=wbGjEmMS_Yw,madrasahshoulatiyah#ummulqura#jamiahislamiyah#makkah#madinah#jeddah madrasah shaulatiyah adalah satu madrasah ...,Kairo,355,108
2020-09-02T08:24:02Z,NGANTERIN YAYA MAU MASUK PESANTREN DIA SEDIH BANGET MAU PISAH SAMA KITAüò≠,https://www.youtube.com/watch?v=6UR1XEkdYsw,"Ayo Z Generation... kita menuju 13M Subscribers kita pasti bisa, semangat Z Generation‚úä Subscribe Naisa Alifia Yuriza ...",,240000,
2020-08-23T17:01:24Z,PROFIL UIN MATARAM | INDAHNYA KAMPUS 2 UIN MATARAM,https://www.youtube.com/watch?v=PgIqfiLd6qQ,Emrio dari pendirian UIN Mataram diawali dengan adanya sekolah persiapan IAIN Al-Jami'ah Yogyakarta Mataram yang ...,Nusa Tenggara Barat,128,16
2020-08-23T10:12:37Z,SELAYANG PANDANG 2020 - Pondok Pesantren Terpadu Al-Yasini,https://www.youtube.com/watch?v=4RP5QvJlJo0,Bersama Al-Yasini Meraih Prestasi dan Berkarakter Santri.,Pasuruan,469,19
2020-08-03T13:06:00Z,LEBARAN IDUL ADHA DI PESANTREN AYAH AZIS GAGAP,https://www.youtube.com/watch?v=cKQAQm2dOT0,Hai semuaa :D Terima kasih sudah mampir dan selamat datang di channel youtubeku! Kira-kira untuk kedepannya kalian mau ...,Bogor,29000,1406
2020-07-09T23:06:54Z,Usia Ideal Anak Masuk Pesantren - Buya Yahya Menjawab,https://www.youtube.com/watch?v=Mc1InvzsYg0,Link Full Video : https://www.youtube.com/watch?v=5llOovk3gxw&t=257s Bagi yang ingin berkontribusi menambahkan subtittle ke ...,Cirebon,384,18
2020-07-21T06:43:04Z,Profil IAIN Syaikh Abdurrahman Siddik Bangka Belitung,https://www.youtube.com/watch?v=HI8_Tq4qzVI,"Institut Agama Islam Negeri Syaikh Abdurrahman Siddik Bangka Belitung TERAKREDITASI VISI ‚ÄúUnggul, Religius, dan ...",Bangka Belitung,67,4
2020-07-18T19:16:01Z,PROFIL YAYASAN PONDOK PESANTREN NURUL ISLAM,https://www.youtube.com/watch?v=wOF3PRTWtSo,Yayasan Pondok Pesantren Nurul Islam bertempat di desa Karangcempaka Bluto Sumenep yang didirikan oleh KH. Moh.,Sumenep,362,23
2020-07-08T00:21:33Z,Inilah Pondok Pesantren Strategis Di Kota Malang || Dikelilingi Berbagai Perguruan Tinggi Bonafit,https://www.youtube.com/watch?v=chV-yHDKAqA,pesantrenkeren #pesantrenkotamalang #ayomondok #santrimalang #pesantrensalafiyahkotamalang.,Malang,109,13
2020-07-14T07:32:29Z,"BANYAK TOKOH HEBAT, DULU MONDOK DISINI! || &quot;PONDOK PESANTREN MODERN/BAHASA ARAB INGGRIS&quot;",https://www.youtube.com/watch?v=zXwDuKdjjnc,"7 Pondok Pesantren Modern di Indonesia, atau juga bisa disebut sebagai pondok pesantren yang wajib berbahasa arab atau ...",,62,12
2020-07-05T03:21:17Z,5 FAKTA JURUSAN PGMI | IAIN BATUSANGKAR,https://www.youtube.com/watch?v=ZKufKIV66n8,Wahyuni Maulida Putri | 1730111060 ---------------------------------------------------------- Video kali ini kita akan bahas tentang ...,Sumatera Barat,78,23
2020-06-09T14:01:59Z,"Stand Up Comedy Dzawin: Di Pesantren Ustad Gua Jadi Komentator Bola, Adem... - SUCI 4",https://www.youtube.com/watch?v=3t9MG5ZUKwo,Dzawin Nur Ikram atau dikenal dengan Dzawin berhasil menembus 3 besar di SUCI 4. Ia merupakan seseorang asli kelahiran ...,Bogor,58000,1176
2020-06-15T02:13:25Z,PROFILE IAIN CIREBON TAHUN 2019,https://www.youtube.com/watch?v=3l7Tx7t-8KQ,,Cirebon,373,17
2020-06-29T08:51:06Z,PENDIDIKAN AGAMA ISLAM || mahasiswa UIN WALISONGO SEMARANG #kampusdef,https://www.youtube.com/watch?v=tlamEeGzRok,Hai kali ini aku bersama temanku yg lagi kuliah di uin walisongo semarang akan membagikan sedikit cerita tentang jurusan dia ...,Semarang,120,55
2020-06-08T12:00:06Z,Salah Kostum Ihram Sobri Jadi Bahan Tawaan Satu Pesantren - Kun Anta,https://www.youtube.com/watch?v=9pwa-wqfMKQ,Salah Kostum Ihram Sobri Jadi Bahan Tawaan Satu Pesantren - Kun Anta Niat kabur sobri indra dan lukman gagal sudah malah ...,,13000,511
2020-06-24T06:06:37Z,AYO MONDOK | INILAH 10 PESANTREN SALAFI TERBAIK DI INDONESIA - Part 1,https://www.youtube.com/watch?v=bBGcbtfZP50,"Pesantren adalah lembaga pendidikan tradisional islam yang ada untuk memahami, menghayati dan mengamalkan ajaran ...",Yogyakarta,3200,349
2020-06-01T13:41:04Z,Awal Pertemuan Sahur dan Nayla | Pesantren Rock N Dut Episode 1,https://www.youtube.com/watch?v=G-I9aTI0XMQ,"Tonton full episode program SCTV klik https://bit.ly/3duZkxm Mood Sahur semakin drop, saat dia bertemu dengan Nayla yang ...",,16000,898
2020-05-24T10:01:24Z,"Stand Up Comedy Dzawin: Anak Pesantren Susah PDKT-in Cewek, Soalnya... - SUCI 4",https://www.youtube.com/watch?v=VdAwv9r8aPk,Dzawin Nur Ikram atau dikenal dengan Dzawin berhasil menembus 3 besar di SUCI 4. Ia merupakan seseorang asli kelahiran ...,Bogor,12000,193
2020-06-06T10:56:52Z,Rindu Kampus dan Jalan-Jalan di kampus UIN Ar-Raniry dengan segudang fasilitas kerennya,https://www.youtube.com/watch?v=3HRxfcqF8cE,sudah 3 bulan lebih kegiatan perkuliahan di berbagai perguruan tinggi dan sekolah formal lain di libur kan tidak terkecuali ...,Aceh,210,8
2020-05-12T04:12:16Z,Kampus Pesantren Al Amanah Liabuku,https://www.youtube.com/watch?v=Mm6tcbzL06Y,Pondok Modern Al-Amanah Liabuku membuka pendaftaran calon peserta didik (Santri & Santriwati) baru tahun ajaran ...,Sulawesi Tenggara,234,18
2020-05-24T04:17:37Z,PEDOMAN UNTUK MABA (MAHASISWA BARU) UIN SYARIFHIDAYATULLAH,https://www.youtube.com/watch?v=-BjwTPYLk-Y,"video ini gua dedikasikan untuk seluruh maba UIN syarifhidayatullah jakarta. karena video ini mencakup tentang UKT, organi sasi ...",Tangerang,2500,327
2020-05-01T12:00:38Z,Sejarah Perkembangan Pesantren,https://www.youtube.com/watch?v=yz4mk88baow,"Program Syiar Madrasah Ramadan episode kali ini membahas tema ""Sejarah Perkembangan Pesantren"" bersama Rektor UIN ...",Semarang,104,3
2020-04-09T14:01:28Z,SUCI 3 - Stand Up Alphian: Gue Alphi dan Gue Anak Madrasah,https://www.youtube.com/watch?v=ZABafWKcVLo,"Alphian 'Alphi' Sugoi adalah seorang anak tunggal, sehingga setiap mau melakukan apapun ia selalu dibantu sang Mama.",Jakarta,1300,162
2020-04-22T12:00:23Z,Haikal Ngamuk Tolak Dimasukin Pesantren Sama Bapak &amp; Ibunya - Kun Anta PART 1,https://www.youtube.com/watch?v=fKl1J-q30tI,Haikal Ngamuk Tolak Dimasukin Pesantren Sama Bapak & Ibunya - Kun Anta PART 1 Seorang anak yang beranjak dewasa ...,,4700,225
2020-04-10T08:38:03Z,Pondok Pesantren Terbaik Di Solo Anjuran UAS,https://www.youtube.com/watch?v=B-6YTiQF_xo,"Mari Berdakwah Bersama Agar Meraih Ridho Allah. Share video yang bermanfaat ini ke teman-teman, saudara, dan keluarga ...",Solo,157,26
2020-04-28T19:58:31Z,7 Kitab Dasar yang di Ajarkan dipesantren | Pesantren Salaf,https://www.youtube.com/watch?v=OuRvX1Le_V0,pesantren #kitabkuning #salaf Sungguh kaya khazanah ilmu pengetahuan Islam yang ada di dunia pesantren. Ada sekitar 200 ...,,643,14
2020-04-04T15:27:25Z,Ceramah Gus Muwafiq di Acara  PTKIN Bersholawat || IAIN Maulana Malik Ibrahim,https://www.youtube.com/watch?v=yJYy3htt6a8,1. Ngaji Gus Muwafiq Terbaru: Haul Mbah Dimyati Selopuro Blitar https://youtu.be/qnvJEb4W2dI 2. Gus Muwafiq Terbaru: Haul ...,Malang,642,28
2020-03-09T10:28:49Z,MENGENAL UIN RADEN INTAN LAMPUNG | Video Profile 2019,https://www.youtube.com/watch?v=Xgh2tJ-LMk8,Ingin mengenal UIN Raden Intan Lampung lebih dekat? Simak Video ini Universitas Islam Negeri Raden Intan lampung atau ...,Lampung,1100,70
2020-03-23T06:09:22Z,Lagu Anak Pesantren Happy Santri Yuk Mondok,https://www.youtube.com/watch?v=CS8R3rCkTAM,Lagu Anak Pesantren Happy Santri Yuk Mondok.,Bantul,712,14
2020-03-11T10:12:15Z,NAMA-NAMA PONDOK PESANTREN DI TANGERANG,https://www.youtube.com/watch?v=zTJV14hO2ao,Pesantren adalah sebuah pendidikan tradisional yang para siswanya tinggal bersama dan belajar di bawah bimbingan guru ...,Tangerang,15,0
2020-03-14T12:06:27Z,Pengajian Gus MIFTAH &quot;Dosen IAIN PONOROGO Sampe Terpingka - Pingkal&quot;,https://www.youtube.com/watch?v=LlneMmoDzq4,Lokasi KAMPUS IAIN PONOROGO ( GRAHA WATOE DHAKON ) JAWA TIMUR INDONESIA.,Ponorogo,1400,
2020-03-06T19:18:12Z,Profil Institut Agama Islam Negeri (IAIN) Parepare,https://www.youtube.com/watch?v=eMAYQz2Ydfo,ÿßŸÑÿ≥ŸéŸëŸÑÿßŸéŸÖŸè ÿπŸéŸÑŸéŸäŸíŸÉŸèŸÖŸí ŸàŸéÿ±Ÿéÿ≠ŸíŸÖŸéÿ©Ÿè ÿßŸÑŸÑŸáŸê ŸàŸéÿ®Ÿéÿ±ŸéŸÉŸéÿßÿ™ŸèŸáŸè Video Profil ini adalah hasil penelitian perencanaan Komunikasi audio visual Institut Agama Islam ...,Sulawesi Selatan,192,37
2020-02-26T02:35:47Z,Rasanya Kuliah Di UIN Yogyakarta  ( UIN Terbaik Di Indonesia ),https://www.youtube.com/watch?v=HxtodR8Feh8,Tonton Juga Video Yang Lainnya Yaaa Subcribe : https://www.youtube.com/channel/UCVv8Mb4JQfuftL-4-TpWTyA #UINJOGJA ...,Yogyakarta,1200,234
2020-02-18T06:03:02Z,IAIN Samarinda 2019 Profile (Extended),https://www.youtube.com/watch?v=LI-QrMFbXOQ,,Kalimantan Timur,325,18
2020-02-12T12:48:05Z,Pondok Pesantren YBM PLNTahfizh dan Enterpreneur PLNHG#YBMPLNTHURSINA#ENDIROPADI#Pesantren,https://www.youtube.com/watch?v=8iX2MMpBMBI,Pondok Pesantren Tahfizh dan Enterpreneur Thursina Cisarua Bogor pondok pesantren yang di bangun dari dana zakat para ...,Bogor,127,79
2020-02-22T03:15:12Z,UIN Kampus Liberal,https://www.youtube.com/watch?v=88ZJ2ZfWWy4,"Belajar Islam enaknya yang tepat di mana sih gaes? Sudah banyak forum kajian keislaman, ngapain belajar Islam di kampus ...",,77,34
2020-01-28T10:13:52Z,PROFIL INSTITUT AGAMA ISLAM NEGERI (IAIN) KENDARI 2019,https://www.youtube.com/watch?v=cNVprNqSL_g,Created by Tim Kreatif IAIN Kendari.,Sulawesi Tenggara,359,
2020-01-14T03:04:17Z,INSPIRASI INDONESIA - PESANTREN MANDIRI PANGAN,https://www.youtube.com/watch?v=8Uup0ST4woo,"Adalah Pondok Modern Sumber Daya At Taqwa, POMOSDA Nganjuk, Jawa Timur. Salah satu pondok pesantren modern tertua ...",Nganjuk,435,103
2020-01-12T22:16:02Z,Film santri &quot; CAHAYA CINTA PESANTREN &quot; Full Movie HD  // Film bioskop islami ada disini,https://www.youtube.com/watch?v=UzldnTM0rsY,"Film yang mengisahkan tentang seorang santriwati yang awalnya tertekan untuk belajar di pesantran , terus hari demi hari di ...",,6300,201
2020-01-23T02:50:09Z,Kampus 2 UIN Mataram Dari luar dan dalam,https://www.youtube.com/watch?v=TOtZuwXhAH8,Kampus 2 UIN Mataram Dari luar dan dalam.,Nusa Tenggara Barat,393,
2020-01-31T08:10:13Z,PROFIL IAIN SALATIGA,https://www.youtube.com/watch?v=WvjYgmwbqI0,Assalamu'alaikum #SahabatIAINSalatiga Masihkah ada di antara kamu yang bingung mau melanjutkan kuliah di mana?,Salatiga,317,18
2019-12-17T04:08:19Z,IAIN Tulungagung Menuju UIN Sayyid Ali Rahmatullah,https://www.youtube.com/watch?v=aRYXPEGUDZY,"Dalam rangka ikut serta mewujudkan tujuan pendidikan nasional khususnya tujuan pendidikan tingggi, Institut Agama Islam ...",Tulungagung,1300,88
2019-12-15T14:30:25Z,"Motif Pembunuhan Mahasiswi UIN Alauddin Terungkap, Pelaku Kesal Korban Lapor Ortu sedang Hamil",https://www.youtube.com/watch?v=Ctoko5AdMiQ,"TRIBUN-VIDEO.COM - Seorang mahasiswi UIN Alauddin Makassar, Asmaul Husna (21) ditemukan tewas di kamar rumah ...",Makassar,186,93
2020-01-07T05:23:23Z,Fasilitas Gedung IAIN Jember #iainjember #gedungsbsn #kementerianagama #kemenkeu,https://www.youtube.com/watch?v=H5kxp44zXPo,Gedung Perkuliahan dan Laboratorium Yang Ada di Kampus IAIN Jember Dari Tahun ke Tahun Mengalami Perkembangan.,Jember,956,
2019-12-28T06:03:35Z,"Utamakan Santri Tidak Mampu, Pesantren Al Anwar Bangkalan Gratiskan Biaya Mondok",https://www.youtube.com/watch?v=rRrYDNe43I4,Di penghujung tahun 2019 para santri di Pondok Pesantren Al Anwar terus giat menghafal dan mengkaji Al-Quran. Pesantren ...,Madura,110,16
2020-01-04T01:16:10Z,Inilah 5 Pondok Pesantren Terbaik dan Termewah Yang Ada Di INDONESIA #1,https://www.youtube.com/watch?v=0Ak5mzW6BQc,Pondok pesantren merupakan wadah pendidikan yang mempunyai kurikulum dan sistem terbaik. Tidak hanya mempelajari ...,,1800,100
2019-11-29T07:30:13Z,Profil Gedung SBSN   IAIN PEKALONGAN,https://www.youtube.com/watch?v=bkd8C95CV84,Profil Gedung SBSN IAIN PEKALONGAN.,Pekalongan,290,18
2019-11-23T06:32:42Z,Ribuan Santri &#39;&#39;Mondok&#39;&#39; di Pesantren An-Nur 1,https://www.youtube.com/watch?v=ANm3HtPoU_k,"Pondok pesantren An Nur 1 Bululawang Malang, berdiri sekitar tahun 1941. Lembaga pendidikan islam ini, didirikan oleh ...",Malang,449,17
2019-12-05T17:09:04Z,Pertama kali masuk Pondok Pesantren,https://www.youtube.com/watch?v=CoXhfjn6v28,for my son Muhammad Yusuf Maulana. Semoga kamu mengerti nak..bahwa Mondok itu tempat yang paling baik untuk membina ...,Cilacap,14000,860
2019-12-06T09:45:22Z,PROFIL IAIN TULUNGAGUNG 2019,https://www.youtube.com/watch?v=83rgG14y9tA,Profil IAIN Tulungagung.,Tulungagung,327,14
2019-11-11T08:41:20Z,Ini Pengakuan Mahasiswa Pemasang Kamera GoPro di Toilet UIN Alauddin Makassar,https://www.youtube.com/watch?v=wEuLGriEq_8,"Sejumlah mahasiswa di Universitas Islam Negeri Makassar di Kabupaten Gowa, Sulawesi Selatan dikejutkan dengan adanya ...",Makassar,262,129
2019-10-25T07:37:41Z,Sapa Santri - Menyapa Santri Pondok Pesantren Alif Laam Miim,https://www.youtube.com/watch?v=7rS3t1eNcQ8,Salah satu pondok pesantren yang masih cukup muda didirikan Pesantren Alif Laam Miim. Kyai Haji Imam Mawardi mendirikan ...,Surabaya,127,4
2019-10-16T05:45:00Z,"Ustaz Abdul Somad UAS Putuskan Undur Diri Jadi Dosen UIN dan PNS, Ini Alasannya",https://www.youtube.com/watch?v=r4z-qERgNag,TRIBUN-VIDEO.COM - Ustaz Abdul Somad (UAS) diketahui telah mengajukan surat pengunduran diri sebagai Dosen di ...,Riau,218,180
2019-10-25T02:56:07Z,"PROFILE MAS - ALFURQONIYAH/CITUGU/CIGOMBONG|PONDOK PESANTREN, AYO MONDOK",https://www.youtube.com/watch?v=F1xemUDW6II,"Assalamualaikum wr.wb. Selamat Datang di MADRASAH ALIAH SWASTA ALFURQONIYAH CIGOMBONG BOGOR, MAS- ...",Bogor,186,15
2019-10-18T05:09:17Z,Pesantren Paculgowang Pertahankan Sistem Tradisional,https://www.youtube.com/watch?v=JCAgzCkfcbI,Salah satu pondok pesantren yang memiliki sejarah dan nama yang unik yakni Pondok Pesantren Pacul Gowang. Dalam ...,Jombang,267,25
2019-10-21T16:18:34Z,Lomba Futsal Antar Pesantren,https://www.youtube.com/watch?v=xIgtZ8E40PY,Dalam Rangka Hari Santri 2019.,Sulawesi Selatan,68,2
2019-10-09T03:40:24Z,"Suasana Haru Warnai Prosesi Wisuda di IAIN Surakarta, Ayah Wakili Anak yang Meninggal karena Sakit",https://www.youtube.com/watch?v=pvQQs84p_io,TRIBUN-VIDEO.COM - Viral di media sosial suasana haru mewarnai prosesi wisuda di Institut Agama Islam Indonesia Surakarta ...,Solo,153,14
2019-10-04T05:03:30Z,Sapa Santri: Terapan Pendidikan Formal di Pesantren,https://www.youtube.com/watch?v=olo1XKA5SiU,"Pembentukan akhlak, membangun mental intelektual yang beradab, merupakan dasar dari berbagai sistem pendidikan, yang ...",Sidoarjo,23,5
2019-09-28T08:44:14Z,IAIN Palopo MOVIE PBAK 2019,https://www.youtube.com/watch?v=dMLqjn6EgQ0,,Sulawesi Selatan,453,10
2019-09-30T22:34:48Z,IAIN SNJ CIREBON??!!! || SATU-SATUNYA KAMPUS NEGERI DI.....,https://www.youtube.com/watch?v=CxKUSARZPO8,"Kuliah?? IAIN Cirebon, Hayuu, meluncuuurr... . . Don't Forget to Follow My Social Media : Instagram @agung_sde Facebook ...",Cirebon,314,19
2019-09-25T04:27:44Z,Lagu pesantren yg paling viral dan bagus,https://www.youtube.com/watch?v=mtke99mkUV0,,,555,
2019-08-22T10:31:19Z,"Diduga Dianiaya, Santri Ditemukan Meninggal di Dalam Pesantren",https://www.youtube.com/watch?v=QXBcMGkHN48,"Pada Rabu (21/8/2019) siang sejumlah polisi mendatangi Pondok Pesantren Mambaul Ulum di Desa Awang-Awang, Kecamatan ...",Sidoarjo,223,75
2019-08-30T21:23:35Z,PONDOK PESANTREN AL-AZIZIYAH KAPEK GUNUNG SARI BAGIAN II,https://www.youtube.com/watch?v=kNxx361HkzU,"Pondok pesantren al aziziyah kapek gunung sari bagian dua, ponpes ini terletak di dusun kapek gunung sari lombok barat yg ...",Lombok,442,64
2019-08-13T09:00:06Z,Sejarah Madrasah di Indonesia,https://www.youtube.com/watch?v=cxMvDGtajg8,Madrasah sebagai nama bagi suatu lembaga atau wadah yang mewadahi proses transformasi ilmu telah mengalami ...,,131,7
2019-08-28T04:37:54Z,PBAK IAIN SYEKH NURJATI CIREBON TAHUN 2019,https://www.youtube.com/watch?v=GdbG9e40Su0,Rangkaian kegiatan Pengenalan Budaya Akadimik dan Kemahasiswa IAIN Syekh Nurjati Cirebon tahun 2019.,Cirebon,401,12
2019-08-23T03:49:01Z,Sapa Santri: Pondok Pesantren Al-Inaroh Pertahankan¬†Konsep Tradisional,https://www.youtube.com/watch?v=ZjB56OWuQUE,Ditengah-tengah masyarakat milenial seperti sekarang ini pondok pesantren yang didirikan oleh Kyai Haji Ahmad Munir Mu'in ...,Jember,2700,355
2019-09-10T01:00:00Z,Pilih Sekolah Umum Atau Pesantren ? - Ustadz Dr Syafiq Riza Basalamah MA,https://www.youtube.com/watch?v=7FBD6K2BW1M,"Bagi anak perempuan, pilih Sekolah khusus putri dan lingkungannya yang baik. - Ustadz Dr Syafiq Riza Basalamah MA Tanya...",Jember,677,22
2019-08-19T03:49:43Z,Ini Dia 5 Pesantren dengan Santri Terbanyak di Indonesia,https://www.youtube.com/watch?v=ZsHawI2yCzA,,Jawa Timur,136,39
2019-07-27T12:46:45Z,Kerinduan anak pesantren terhadap orang tua,https://www.youtube.com/watch?v=OKSoojFbsJ4,,,105000,1332
2019-07-14T23:58:37Z,Stand Up Comedy UIN Mataram,https://www.youtube.com/watch?v=W4b6Ydp6laY,"oleh Awin Azhari, Mahasiswa Komunukasi Penyiaran Islam Fakyltas Dakwah dan Ilmu Komunukasi Cobalah berfikiran Terbuka...",Nusa Tenggara Barat,122,12
2019-07-25T18:55:45Z,Kata hati orang tua untuk anak di pesantren;),https://www.youtube.com/watch?v=NVz8H_KUMe4,Jangan malu untuk hijrah.,,440,11
2019-07-24T19:36:00Z,Pondok Pesantren Raudlatut Thalibin || Tanggir - Singgahan - Tuban,https://www.youtube.com/watch?v=8eSU8kOh45I,Ponpes #Santri #Tanggir #Hasta #Nkri.,Tuban,200,16
2019-08-06T16:25:49Z,PESANTREN Matlabusalik,https://www.youtube.com/watch?v=Ny5h1LdNYG4,,Nganjuk,114,11
2019-07-07T00:59:01Z,Kisah Biru di Pesantren | Review buku Mairil : Sepenggal Kisah Biru di Pesantren,https://www.youtube.com/watch?v=33Gn0_AEWl8,"Assalamualaikum wankawan, santri       Ini review buku dengan ilustrasi... Review By Zamaahsari A. Ramzah ...",,903,817
2019-07-08T10:26:50Z,Profil IAIN Kediri 2018,https://www.youtube.com/watch?v=FJBoy0uEVcA,"Video ini dikemas langsung oleh staf KaKa Media IAIN Kediri, yang didedikasikan untuk mengembangkan sektor pengenalan ...",Kediri,153,4
2019-07-10T14:21:58Z,Madrasah ALAM SAYANG IBU Lombok,https://www.youtube.com/watch?v=YFCmaJsLqGA,Madrasah Alam Sayang Ibu ini awalnya sebuah lesehan yg dirubah menjadi sebuah lembaga pendidikan yg berbasis alam. ini ...,Lombok,60,4
2019-07-08T02:23:24Z,TERNYATA ADA PESANTREN ANAK-ANAK PAPUA DI BEKASI!,https://www.youtube.com/watch?v=R-sB1SgB7l4,"Nuu Waar AFKN, nama ini mungkin masih asing di telinga kita. Apalagi bagi kita yang tak pernah berinteraksi, mempelajari lebih ...",Bekasi,1400,150
2019-07-02T10:23:13Z,Sejarah pondok pesantren Al Azizyah Sebaneh,https://www.youtube.com/watch?v=VPDPGUFQcLE,Perintis pertama pondok pesantren Al Azizyah Sebaneh.,Jawa Timur,414,15
2019-05-28T05:00:00Z,AYO MONDOK! 10 Pondok Pesantren Ini Serasa Hotel yang Bikin Kamu Pengin Jadi SANTRI,https://www.youtube.com/watch?v=HFthk8AB9Xo,"Sahabat beriman, Belajar ilmu agama sekaligus ilmu-ilmu konvensional tentunya menjadi daya tarik pondok pesantren bagi para ...",,103000,5701
2019-05-28T04:30:39Z,Oki Setiana Dewi Grebek Pesantren Barunya Ustadz Fatih Karim,https://www.youtube.com/watch?v=kNwGYdJHof4,"Lokasi: Jl. Kucica IV Blok JF 9, Bintaro Sektor 9 No.5, Pd. Pucung, Kec. Pd. Aren, Kota Tangerang Selatan, Banten 15229 ___ ...",Tangerang,1000,70
2019-06-03T09:57:49Z,Pesantren Al-Fatah: Tempat aman ekspresi iman para waria,https://www.youtube.com/watch?v=dg10kJszqWM,"Sempat ditutup oleh aparat setempat pada 2016, pondok pesantren waria Al Fatah kini kembali aktif, sebagai tempat aman agar ...",Yogyakarta,436,148
2019-05-26T05:58:15Z,MAAFKAN IBU - Lagu Pondok Pesantren Sedih - Senandung Ratapan Hati,https://www.youtube.com/watch?v=s3UgdeChrhQ,Maafkan Kami Ibu Lagu pondok pesantren sedih yang bikin merinding tentang kerinduan seorang santri kepada orang tuanya ...,Jawa Timur,21000,1108
2019-05-26T11:12:38Z,WOW...begini kegiatan santri 24 JAM Pondok Pesantren DAARUL AMANAH  Kota Tangerang,https://www.youtube.com/watch?v=KawIQaZeYXk,"Pondok Pesantren Terpadu DAARUL AMANAH Jl. Irigasi RT 004 RW 03 Kel. Kenanga, Blok Santri (C), Kec. Cipondoh, Kota ...",Tangerang,6600,
2019-04-21T07:30:52Z,Halal Living - Belajar Dengan Anak-Anak Asal Papua di Pondok Pesantren Nu Wuur,https://www.youtube.com/watch?v=dByKlr8AO7M,SUBSCRIBE Netmediatama Official Youtube Channel: http://www.youtube.com/netmediatama Homepage ...,Bekasi,2400,210
2019-04-27T02:26:18Z,mars IAIN METRO,https://www.youtube.com/watch?v=FhPTzcWn8bY,originial song : UKM IMPAS https://www.youtube.com/watch?v=xm46jKs-uP0.,Lampung,,112
2019-05-02T16:45:43Z,PROFIL PONDOK PESANTREN TAHFIZ AL MUQODDAM 2019,https://www.youtube.com/watch?v=sZML_lrZjbE,"PODOK PESANTREN TAHFIDZ AL MUQODDAM. Diprakarsai oleh keluarga Alm. Mu'allim H. Saadie dari Batujaya, Karawang, ...",Karawang,483,67
2019-05-07T19:00:01Z,"Ismail, Lukman Dan Sobri Kesal Melihat Anak Baru Pesantren Kun Anta - Kun Anta 3 Eps 2",https://www.youtube.com/watch?v=-5KEGV6wP2s,Subscribe MNCTV Official Youtube Channel http://bit.ly/24Ev2fo Follow our social media - Twitter http://bit.ly/2fOu5Ps - Facebook ...,,14000,666
2019-05-03T01:30:30Z,PROFIL YAYASAN DAN LEMBAGA PONDOK PESANTREN HASAN JUFRI BAWEAN,https://www.youtube.com/watch?v=aEuO3QIuAbo,Info seputar Pondok Pesantren Hasan Jufri: Website: https://www.hasanjufri.com/ Fanspage Facebook: ...,Gresil,254,12
2019-03-18T11:12:41Z,IAIN - Kampus Negeri Nomor 1 Di Kediri,https://www.youtube.com/watch?v=6RoSlN53CcQ,"IAIN - Kampus Negeri Nomor 1 Di Kediri IAIN - Institut Agama Islam Negeri Kediri is an Islamic higher education located in Kediri, ...",Kediri,93,
2019-03-19T01:35:38Z,Inilah Kampus [ IAIN Salatiga ],https://www.youtube.com/watch?v=i38-KCvTd24,IAIN Salatiga setelah berubah bentuk dari STAI menjadi IAIN mempunyai lima Fakultas dan Program Pascasarjana yang bisa ...,Salatiga,318,
2019-03-28T13:52:54Z,KOSEP PENGEMBANGAN PESANTREN,https://www.youtube.com/watch?v=zavTHEbQ_CI,Manajemen.,Ponorogo,84,2
2019-04-01T02:02:27Z,PESANTREN GRATIS...! PONPES DARUL INAYAH CISARUA KABUPATEN BANDUNG BARAT,https://www.youtube.com/watch?v=xK9CXzFSWL0,Assalamualaikum Wr Wb...?! Pondok Pesantren DARUL INAYAH merupakan salah satu PonPes Yatim Piatu dan Dhu'afa. Namun ...,Bandung,462,221
2019-03-21T04:51:26Z,Ilc 19 maret 2019 uin malang,https://www.youtube.com/watch?v=LqJfPRHTP2c,Uin malang.,Malang,12,0
2019-03-11T04:05:49Z,Pondok Pesantren Mahasiswa STAIMI,https://www.youtube.com/watch?v=joVmn3IOa3A,Jakarta - Sekolah Tinggi Agama Islam Minhajurrosyidin (STAIMI) telah meresmikan Pondok Pesantren Mahasiswa (PPM) di ...,Jakarta,933,46
2019-03-13T06:50:42Z,Edy Rahmayadi Kunjungi Pesantren Yang Berada Ditengah Hutan Padang Lawas Utara,https://www.youtube.com/watch?v=jz9MIqvfUFA,PALUTA ‚Äì Gubernur Sumatera Utara (Gubsu) Edy Ramayadi bersama Ketua TP PKK Sumut Nawal Lubis Edy Rahmayadi ...,Sumatera Utara,5000,561
2019-02-18T03:26:06Z,10 PESANTREN Terbaik dan Terbesar di Indonesiaüôè  ‚úî,https://www.youtube.com/watch?v=qKootXsKFvU,"Pesantrenterbaikindonesia #Pesantrenterbesarindonesia Selama ini, banyak orang salah kaprah menganggap bahwa pesantren ...",,74000,
2019-02-23T16:38:49Z,Mars Madrasah (Lirik dan Lagu),https://www.youtube.com/watch?v=aGIEBjNhx2U,Mars Madrasah (Lirik dan Lagu) Merupakan video yang berisikan Lirik dan Lagu Mars Madrasah sehingga memudahkan kita ...,Jakarta,18000,669
2019-03-10T00:56:44Z,Film Pendek dari pondok pesantren modern - santri untuk Ayah disana,https://www.youtube.com/watch?v=tmruOh_8XH0,Film Pendek dari pondok pesantren modern - santri untuk Ayah disana .... Masyaallah film pendek ini walaupun singkat tidak spai ...,Lampung,9400,319
2019-02-12T06:43:20Z,Hi today Raninagar high Madrasah Exgams Madhyamik,https://www.youtube.com/watch?v=aLjijVG0BdY,Hasanujjaman.,,224,4
2019-02-01T07:15:01Z,ISENG BANGET! Lagi Mandi Keran Air Di Matiin | KUN ANTA,https://www.youtube.com/watch?v=SXUntda0Upo,KunAnta #Sobri #MNCTV SOBRI DIISENGIN !!! Abisnya Mandi Lama Banget Sih... | KUN ANTA Subscribe MNCTV Official ...,,65000,1351
2019-01-22T02:01:36Z,Tarekat Idrisiyyah | PONDOK PESANTREN IDRISIYYAH,https://www.youtube.com/watch?v=vNRhOuB5mf4,"idrisiyyah.or.id | Pondok Pesantren Idrisiyyah membuka pendaftaran santri baru jenjang, Madrasah Tsanawiyah (MTs), Madrasah ...",Tasikmalaya,383,16
2019-01-26T17:40:17Z,Ceritaku Mondok di Pesantren Fadllul Wahid Ngangkruk,https://www.youtube.com/watch?v=_HlipeE980M,Jauh-jauh nyantri ke Fadllul Wahid.,Jawa Tengah,235,16
2019-01-17T04:38:16Z,FMTV : Profil Pondok Pesantren Fathan Mubina 2018,https://www.youtube.com/watch?v=Ww4fyvGUA8w,"Profil Pondok Pesantren Fathan Mubina 2018 FMTV, 100% karya Santri FM FMTV merupakan suatu klub video dan fotografi yang ...",Bogor,598,
2018-12-20T07:33:59Z,Masih Berjaya Sampai Sekarang! 10 Pondok Pesantren Tertua di Indonesia,https://www.youtube.com/watch?v=NNZFvhWBb4I,CATATAN: GAMBAR HANYALAH ILUSTRASI ==================================== Islam Populer menyajikan informasi ...,,8500,
2019-01-12T12:15:00Z,Mengenal Lebih Dekat Madrasah Tahfidzul Qur&#39;an Ahmadiyah Indonesia Children Corner  12 Januari 2019,https://www.youtube.com/watch?v=My-nsZcZR74,Mengenal Lebih Dekat Madrasah Tahfidzul Qur'an Ahmadiyah Indonesia Children Corner 12 Januari 2019. #mtaindonesia #mta ...,Tasikmalaya,356,25
2019-01-11T01:00:01Z,Ibu Adalah Madrasah Pertama Untuk Anak,https://www.youtube.com/watch?v=Hd4-qkqDwBI,,,130,3
2018-12-26T10:37:13Z,Komplek Pesantren Persulukan Thareqat Naqsyabandiah JABAL QUBIS,https://www.youtube.com/watch?v=Y5-N-VHL-Ss,"Komplek Pesantren Persulukan Thareqat Naqsyabandiah JABAL QUBIS ini terletak di Jl. Medan - Lubuk Pakam Km. 18,5 Gg.",Sumatera Barat,291,
2019-01-04T02:53:01Z,MILAD 1 ABAD Pondok Pesantren Pagelaran,https://www.youtube.com/watch?v=JPgmxf27Dd4,"MILAD 1 ABAD PONDOK PESANTREN PAGELARAN Ahad, 9 Desember 2018 / 1 Robi'ul Akhir 1440 H Pondok Pesantren ...",Subang,41,3
2018-12-14T06:27:12Z,Menyapa Para Santri di Pondok Pesantren An-Nur 1,https://www.youtube.com/watch?v=j2LmSmeMs0s,"Kali ini, tim Sapa Santri berada di Kota Malang, tepatnya di Bulu Lawang Malang Selatan. Di sini berdiri sebuah pondok ...",Malang,277,14
2018-11-18T05:26:14Z,Pondok Pesantren Putri ARIS Kaliwungu,https://www.youtube.com/watch?v=0WQoCkj4aFU,Pondok Pesantren Putri Aris Kaliwungu adalah pondok pesantren salaf khusus perempuan yang berada dikaliwungu.,Kaliwungu,291,40
2018-12-04T04:00:03Z,PUNYA STADION BOLA SENDIRI ! 7 Pesantren Termewah Di Indonesia,https://www.youtube.com/watch?v=u24-rg8zmSs,PUNYA STADION BOLA SENDIRI ! 7 Pesantren Termewah Di Indonesia PUNYA STADION BOLA SENDIRI ! 7 Pesantren ...,,150,21
2018-11-16T03:00:00Z,"Ceramah Terbaru Ustadz Abdul Somad Lc, MA - Masjid Al-Jami&#39;ah UIN Suska Riau",https://www.youtube.com/watch?v=NWBs5nlXAVE,"Ceramah Ustadz Abdul Somad Lc MA, Bada Zuhur (15 November 2018) Dalam Rangka Maulid Nabi Muhammad ...",Riau,1000,52
2018-12-14T10:08:06Z,Kisah Mantan Perampok 7 Kg Emas Kini Jadi Kiai Pondok Pesantren | Sosok,https://www.youtube.com/watch?v=rmIsXU-pmUc,"Terletak di Kulonprogo, berdiri gedung bernuansa kental pedesaan Pondok Pesantren Al Ghifari. Siapa sangka pendirinya ...",Yogyakarta,154,7
2018-10-17T05:05:01Z,Pondok Pesantren Zainul Bahar (Himne Zaiba) - Koor MA Zainul Bahar,https://www.youtube.com/watch?v=aZH5bCAbYf8,Judul : Pondok Pesantren Zainul Bahar (Himne Zaiba) Oleh : Koor MA Zainul Bahar Ciptaan : Farizal Nuh Audio/Video ...,Jawa Timur,104,13
2018-10-23T12:36:55Z,"Berselisih Saat Futsal, Mahasiswa UIN Makassar Bentrok",https://www.youtube.com/watch?v=hh7CqCHvhU8,"Bentrokan antar mahasiswa terjadi di Universitas Islam Negeri Makassar, mahasiswa saling serang menggunakan batu dan ...",Makassar,80,18
2018-11-09T05:58:50Z,"Ngeri, Pecahkan Batu Dengan Tangan, Black Panther UIN Alauddin",https://www.youtube.com/watch?v=iyhI9fvGFTY,"UKM Black Panther UIN Alauddin Makassar memecahkan batu dengan tangan, aksi ini dipertunjukkan saat pembukaan Poros ...",Makassar,164,27
2018-10-21T22:25:28Z,"Mengunjungi Pondok Pesantren Girikesumo  Demak, 19 Oktober 2018",https://www.youtube.com/watch?v=CU0ZGTdQ1ck,,Demak,352,19
2018-11-11T22:45:02Z,Sedih...! Ditinggal Ibu tercinta tetap wisuda | Milad Sidogiri 281 | Pondok Pesantren Sidogiri,https://www.youtube.com/watch?v=I5B0t_QwzG0,"Pondok Pesantren Sidogiri *** #MiladSidogiri281 #WisudaBersama Bagian #09 dari Rangkaian Acara ""Wisuda Bersama"" ...",Pasuruan,5300,284
2018-10-04T23:21:54Z,#IsuBulanLalu - Tentang Program Wajib Mondok UIN Jogja,https://www.youtube.com/watch?v=ht_2_ZA54Ew,"Bulan lalu (sebenarnya sampai bulan ini juga), UIN Sunan Kalijaga, Yogyakarta, diramaikan oleh kebijakan yang cenderung ...",Yogyakarta,56,4
2018-09-21T07:35:01Z,Iain Armitage Reviews The Late Show,https://www.youtube.com/watch?v=-rxEd1ilRTc,'Young Sheldon' star Iain Armitage wants America to know his feelings about The Late Show with Stephen Colbert. If he'd seen it.,,18000,1265
2018-10-14T05:22:12Z,Berapa tahun usia ideal anak masuk pesantren? Ust Abdul Somad,https://www.youtube.com/watch?v=WA7vv9Pyt6Q,"Bismillah, mari kita dengarkan nasihat Ust Abdul Somad, Lc, MA, yg lugas, jelas, makjleb, berapa tahun usia ideal anak masuk ...",Bekasi,392,24
2018-10-12T04:47:19Z,Menyapa Madrasah Tsanawiyah Maarif Bali,https://www.youtube.com/watch?v=QrnWDFzU12w,Para alumni santri yang berasal dari Jawa Timur mengembangkan ilmunya tanpa ada benturan dengan masyarakat sekitar.,Bali,57,2
2018-10-08T03:37:33Z,Kegiatan Pondok Pesantren An Nawawi Al Bantani,https://www.youtube.com/watch?v=nMkfxcX2e8M,"Wakaf Adalah Investasi Akhirat, Yuk Berwakaf untuk Perluasan Pondok Pesantren An Nawawi Albantani, apapun bentuknya ...",Banten,291,10
2018-08-30T04:02:33Z,Profil IAIN Samarinda,https://www.youtube.com/watch?v=FQ1Cxis8KlM,"Saat ini IAIN Samarinda dibawah kepemimpinan Dr. H. Mukhamad Ilyasin, M.Pd, yang didampingi oleh Dr. Zurqoni, M. Ag ...",Samarinda,227,15
2018-08-30T07:18:48Z,Alhamdulillah! Seru Banget Shooting Film Bareng Pesantren Kun Anta - Kun Anta Eps 223,https://www.youtube.com/watch?v=l9SFPM_bbZU,Alhamdulillah! Seru Banget Shooting Film Bareng Pesantren Kun Anta - Kun Anta Eps 223 Subscribe MNCTV Official Youtube ...,,60000,6455
2018-09-05T02:37:27Z,Megahnya Bangunan Kampus UIN SMH Banten,https://www.youtube.com/watch?v=efjZ-wULfRA,Universitas Islam Negeri (UIN) Sultan Maulana Hasanuddin atau UIN Sultan Maulana Hasanuddin adalah Perguruan Tinggi ...,Banten,135,13
2018-08-25T10:30:00Z,"Kaget! Pak James Meninggal Dunia, Bikin Sedih Warga Kun Anta - Kun Anta Eps 217",https://www.youtube.com/watch?v=WMwVOBEh-mI,"Kaget! Pak James Meninggal Dunia, Bikin Sedih Warga Kun Anta - Kun Anta Eps 217 Subscribe MNCTV Official Youtube ...",,37000,1150
2018-09-01T09:42:20Z,AbbasGanj high Madrasah,https://www.youtube.com/watch?v=xYi5sUdaULU,,,39,0
